date, humidity
2017-01-07 16:00:04, 43.489356994628906
2017-01-07 16:15:03, 40.960304260253906
2017-01-07 16:30:03, 42.661834716796875
2017-01-07 16:45:03, 43.06475067138672
2017-01-07 17:00:03, 43.0771484375
2017-01-07 17:15:03, 42.379798889160156
2017-01-07 17:30:02, 42.58125305175781
2017-01-07 17:45:02, 42.345703125
2017-01-07 18:00:02, 43.24761199951172
2017-01-07 18:15:03, 43.16702651977539
2017-01-07 18:30:03, 44.121620178222656
2017-01-07 18:45:02, 43.6412239074707
2017-01-07 19:00:03, 43.511051177978516
2017-01-07 19:15:02, 42.60295104980469
2017-01-07 19:30:02, 43.03065490722656
2017-01-07 19:45:02, 42.87879180908203
2017-01-07 20:00:03, 42.80750274658203
2017-01-07 20:15:02, 43.10504150390625
2017-01-07 20:30:02, 42.68353271484375
2017-01-07 20:45:02, 42.584354400634766
2017-01-07 21:00:03, 42.46657943725586
2017-01-07 21:15:02, 42.84779739379883
2017-01-07 21:30:02, 43.675315856933594
2017-01-07 21:45:02, 43.5854377746582
2017-01-07 22:00:03, 43.253807067871094
2017-01-07 22:15:03, 42.9500732421875
2017-01-07 22:30:02, 42.801307678222656
2017-01-07 22:45:03, 42.83539962768555
2017-01-07 23:00:02, 43.38397979736328
2017-01-07 23:15:02, 44.065834045410156
2017-01-07 23:30:03, 46.470909118652344
2017-01-07 23:45:03, 45.2094841003418
2017-01-08 00:00:03, 45.612396240234375
2017-01-08 00:15:03, 46.00291442871094
2017-01-08 00:30:02, 46.399627685546875
2017-01-08 00:45:03, 46.77464294433594
2017-01-08 01:00:02, 45.93472671508789
2017-01-08 01:15:03, 45.64958953857422
2017-01-08 01:30:03, 46.94820785522461
2017-01-08 01:45:03, 46.71885681152344
2017-01-08 02:00:03, 46.340736389160156
2017-01-08 02:15:02, 46.11138916015625
2017-01-08 02:30:03, 45.91613006591797
2017-01-08 02:45:02, 46.443016052246094
2017-01-08 03:00:02, 46.30664825439453
2017-01-08 03:15:03, 46.250858306884766
2017-01-08 03:30:03, 46.51740264892578
2017-01-08 03:45:02, 46.55459213256836
2017-01-08 04:00:03, 46.672367095947266
2017-01-08 04:15:02, 46.43681716918945
2017-01-08 04:30:03, 46.01531219482422
2017-01-08 04:45:03, 46.371734619140625
2017-01-08 05:00:02, 46.12378692626953
2017-01-08 05:15:03, 45.94712448120117
2017-01-08 05:30:02, 46.08039474487305
2017-01-08 05:45:03, 45.668182373046875
2017-01-08 06:00:03, 46.27875518798828
2017-01-08 06:15:03, 45.169193267822266
2017-01-08 06:30:03, 45.3923454284668
2017-01-08 06:45:02, 45.0576171875
2017-01-08 07:00:02, 45.823150634765625
2017-01-08 07:15:03, 45.75806427001953
2017-01-08 07:30:02, 45.73637008666992
2017-01-08 07:45:02, 45.56280517578125
2017-01-08 08:00:03, 44.87785720825195
2017-01-08 08:15:02, 45.32415771484375
2017-01-08 08:30:03, 45.379947662353516
2017-01-08 08:45:02, 45.64339065551758
2017-01-08 09:00:03, 44.509037017822266
2017-01-08 09:15:02, 45.24977493286133
2017-01-08 09:30:03, 45.29316711425781
2017-01-08 09:45:02, 45.58140563964844
2017-01-08 10:00:03, 45.63719177246094
2017-01-08 10:15:02, 45.414039611816406
2017-01-08 10:30:02, 45.75806427001953
2017-01-08 10:45:03, 45.9874153137207
2017-01-08 11:00:02, 46.66926574707031
2017-01-08 11:15:02, 46.412025451660156
2017-01-08 11:30:02, 44.77248001098633
2017-01-08 11:45:03, 44.143314361572266
2017-01-08 12:00:03, 43.225914001464844
2017-01-08 12:15:02, 43.99144744873047
2017-01-08 12:30:02, 43.31889343261719
2017-01-08 12:45:02, 42.7982063293457
2017-01-08 13:00:02, 43.37468338012695
2017-01-08 13:15:03, 43.393280029296875
2017-01-08 13:30:02, 42.94697570800781
2017-01-08 13:45:02, 43.99144744873047
2017-01-08 14:00:02, 42.761016845703125
2017-01-08 14:15:02, 43.66911697387695
2017-01-08 14:30:02, 44.013145446777344
2017-01-08 14:45:03, 44.07823181152344
2017-01-08 15:00:02, 43.97285461425781
2017-01-08 15:15:02, 44.341670989990234
2017-01-08 15:30:03, 45.345855712890625
2017-01-08 15:45:03, 44.01004409790039
2017-01-08 16:00:03, 44.00694274902344
2017-01-08 16:15:02, 44.22699737548828
2017-01-08 16:30:03, 44.165008544921875
2017-01-08 16:45:02, 44.474945068359375
2017-01-08 17:00:03, 44.20220184326172
2017-01-08 17:15:03, 40.38072967529297
2017-01-08 17:30:02, 39.6089973449707
2017-01-08 17:45:02, 39.11310577392578
2017-01-08 18:00:03, 39.66478729248047
2017-01-08 18:15:02, 40.35903549194336
2017-01-08 18:30:03, 40.721656799316406
2017-01-08 18:45:03, 41.02849197387695
2017-01-08 19:00:02, 41.80952072143555
2017-01-08 19:15:03, 41.967586517333984
2017-01-08 19:30:03, 41.86220932006836
2017-01-08 19:45:03, 41.70414352416992
2017-01-08 20:00:03, 42.03267288208008
2017-01-08 20:15:02, 42.32400894165039
2017-01-08 20:30:02, 42.22173309326172
2017-01-08 20:45:02, 41.818817138671875
2017-01-08 21:00:03, 41.69794464111328
2017-01-08 21:15:02, 42.27132034301758
2017-01-08 21:30:03, 42.33640670776367
2017-01-08 21:45:02, 42.86639404296875
2017-01-08 22:00:03, 43.67841720581055
2017-01-08 22:15:02, 43.76519775390625
2017-01-08 22:30:02, 44.03173828125
2017-01-08 22:45:03, 44.61441421508789
2017-01-08 23:00:02, 44.304481506347656
2017-01-08 23:15:02, 44.62061309814453
2017-01-08 23:30:03, 44.4532470703125
2017-01-08 23:45:02, 45.31175994873047
2017-01-09 00:00:02, 46.260154724121094
2017-01-09 00:15:03, 46.03080749511719
2017-01-09 00:30:02, 46.24775695800781
2017-01-09 00:45:03, 45.45433044433594
2017-01-09 01:00:03, 44.62371063232422
2017-01-09 01:15:03, 44.07202911376953
2017-01-09 01:30:02, 43.96975326538086
2017-01-09 01:45:03, 44.26108932495117
2017-01-09 02:00:02, 44.223899841308594
2017-01-09 02:15:03, 43.802391052246094
2017-01-09 02:30:03, 44.02864074707031
2017-01-09 02:45:02, 43.1639289855957
2017-01-09 03:00:02, 43.067848205566406
2017-01-09 03:15:03, 43.33749008178711
2017-01-09 03:30:03, 43.16082763671875
2017-01-09 03:45:03, 42.829200744628906
2017-01-09 04:00:02, 42.75171661376953
2017-01-09 04:15:02, 43.66911697387695
2017-01-09 04:30:02, 43.055450439453125
2017-01-09 04:45:03, 43.56993865966797
2017-01-09 05:00:03, 43.517250061035156
2017-01-09 05:15:03, 43.66291809082031
2017-01-09 05:30:02, 43.60093307495117
2017-01-09 05:45:03, 43.11743927001953
2017-01-09 06:00:03, 43.11124038696289
2017-01-09 06:15:03, 43.35608673095703
2017-01-09 06:30:03, 42.16594314575195
2017-01-09 06:45:02, 43.14842987060547
2017-01-09 07:00:03, 43.35298538208008
2017-01-09 07:15:03, 43.0771484375
2017-01-09 07:30:02, 42.66803741455078
2017-01-09 07:45:02, 42.84159851074219
2017-01-09 08:00:03, 42.720726013183594
2017-01-09 08:15:03, 42.959373474121094
2017-01-09 08:30:02, 42.804405212402344
2017-01-09 08:45:03, 42.89118576049805
2017-01-09 09:00:02, 42.41389083862305
2017-01-09 09:15:02, 42.00477981567383
2017-01-09 09:30:03, 41.917999267578125
2017-01-09 09:45:02, 41.456199645996094
2017-01-09 10:00:02, 42.156646728515625
2017-01-09 10:15:03, 42.810604095458984
2017-01-09 10:30:02, 42.85399627685547
2017-01-09 10:45:03, 42.44798278808594
2017-01-09 11:00:03, 42.912879943847656
2017-01-09 11:15:03, 42.633941650390625
2017-01-09 11:30:03, 42.49757385253906
2017-01-09 11:45:02, 42.571956634521484
2017-01-09 12:00:02, 42.44488525390625
2017-01-09 12:15:02, 41.19585418701172
2017-01-09 12:30:03, 41.64835739135742
2017-01-09 12:45:02, 41.530582427978516
2017-01-09 13:00:03, 40.65657043457031
2017-01-09 13:15:02, 40.163780212402344
2017-01-09 13:30:03, 40.665870666503906
2017-01-09 13:45:03, 40.56978988647461
2017-01-09 14:00:03, 40.50160598754883
2017-01-09 14:15:03, 40.216468811035156
2017-01-09 14:30:02, 40.7557487487793
2017-01-09 14:45:02, 41.087379455566406
2017-01-09 15:00:02, 40.77124786376953
2017-01-09 15:15:02, 40.43961715698242
2017-01-09 15:30:03, 41.728939056396484
2017-01-09 15:45:02, 41.78472900390625
2017-01-09 16:00:02, 44.62061309814453
2017-01-09 16:15:02, 46.00291442871094
2017-01-09 16:30:03, 45.76426315307617
2017-01-09 16:45:02, 45.15369415283203
2017-01-09 17:00:02, 44.42845153808594
2017-01-09 17:15:03, 43.848876953125
2017-01-09 17:30:02, 44.42845153808594
2017-01-09 17:45:02, 43.97904968261719
2017-01-09 18:00:02, 43.69701385498047
2017-01-09 18:15:02, 43.672218322753906
2017-01-09 18:30:03, 42.73931884765625
2017-01-09 18:45:03, 42.48517608642578
2017-01-09 19:00:03, 42.04507064819336
2017-01-09 19:15:02, 41.539878845214844
2017-01-09 19:30:02, 41.115272521972656
2017-01-09 19:45:03, 41.090476989746094
2017-01-09 20:00:03, 40.74645233154297
2017-01-09 20:15:03, 40.247459411621094
2017-01-09 20:30:02, 39.9437255859375
2017-01-09 20:45:03, 40.35593795776367
2017-01-09 21:00:02, 39.88174057006836
2017-01-09 21:15:02, 39.348655700683594
2017-01-09 21:30:03, 39.49742126464844
2017-01-09 21:45:03, 40.58218765258789
2017-01-09 22:00:03, 40.48920822143555
2017-01-09 22:15:02, 39.84144592285156
2017-01-09 22:30:02, 38.586219787597656
2017-01-09 22:45:03, 38.824867248535156
2017-01-09 23:00:02, 39.72987365722656
2017-01-09 23:15:02, 38.45604705810547
2017-01-09 23:30:02, 39.18749237060547
2017-01-09 23:45:02, 38.93024444580078
2017-01-10 00:00:03, 38.852760314941406
2017-01-10 00:15:02, 39.035621643066406
2017-01-10 00:30:03, 39.06041717529297
2017-01-10 00:45:02, 39.274269104003906
2017-01-10 01:00:02, 39.26187515258789
2017-01-10 01:15:03, 39.432334899902344
2017-01-10 01:30:02, 39.627593994140625
2017-01-10 01:45:02, 39.33935546875
2017-01-10 02:00:02, 39.522216796875
2017-01-10 02:15:03, 39.39824676513672
2017-01-10 02:30:03, 39.31146240234375
2017-01-10 02:45:03, 39.41994094848633
2017-01-10 03:00:02, 39.32386016845703
2017-01-10 03:15:03, 39.23088073730469
2017-01-10 03:30:02, 38.933345794677734
2017-01-10 03:45:03, 39.68958282470703
2017-01-10 04:00:02, 38.82176971435547
2017-01-10 04:15:03, 38.9178466796875
2017-01-10 04:30:02, 39.184391021728516
2017-01-10 04:45:03, 38.74738693237305
2017-01-10 05:00:03, 39.03252410888672
2017-01-10 05:15:03, 38.979835510253906
2017-01-10 05:30:02, 38.98603439331055
2017-01-10 05:45:03, 38.744285583496094
2017-01-10 06:00:02, 38.87755584716797
2017-01-10 06:15:02, 38.92094802856445
2017-01-10 06:30:02, 39.08831024169922
2017-01-10 06:45:03, 39.292869567871094
2017-01-10 07:00:02, 39.023223876953125
2017-01-10 07:15:03, 39.10690689086914
2017-01-10 07:30:02, 38.99843215942383
2017-01-10 07:45:03, 39.27117156982422
2017-01-10 08:00:02, 39.50052261352539
2017-01-10 08:15:02, 39.07591247558594
2017-01-10 08:30:02, 39.26187515258789
2017-01-10 08:45:02, 38.9488410949707
2017-01-10 09:00:02, 39.64619064331055
2017-01-10 09:15:03, 39.21538543701172
2017-01-10 09:30:03, 39.47262954711914
2017-01-10 09:45:02, 39.171993255615234
2017-01-10 10:00:02, 39.42613983154297
2017-01-10 10:15:02, 40.30634689331055
2017-01-10 10:30:02, 40.275352478027344
2017-01-10 10:45:03, 39.31766128540039
2017-01-10 11:00:03, 39.432334899902344
2017-01-10 11:15:02, 39.531517028808594
2017-01-10 11:30:03, 39.65858840942383
2017-01-10 11:45:02, 38.945743560791016
2017-01-10 12:00:02, 38.88995361328125
2017-01-10 12:15:03, 39.23088073730469
2017-01-10 12:30:02, 39.18128967285156
2017-01-10 12:45:03, 38.80937194824219
2017-01-10 13:00:02, 38.73188781738281
2017-01-10 13:15:03, 38.62961196899414
2017-01-10 13:30:03, 38.5366325378418
2017-01-10 13:45:03, 38.778377532958984
2017-01-10 14:00:03, 38.35687255859375
2017-01-10 14:15:03, 39.02942657470703
2017-01-10 14:30:03, 38.81867218017578
2017-01-10 14:45:02, 38.924049377441406
2017-01-10 15:00:03, 39.03252410888672
2017-01-10 15:15:03, 39.401344299316406
2017-01-10 15:30:03, 39.47572708129883
2017-01-10 15:45:02, 40.14518356323242
2017-01-10 16:00:02, 40.08629608154297
2017-01-10 16:15:03, 39.86314392089844
2017-01-10 16:30:03, 39.838348388671875
2017-01-10 16:45:03, 38.90855026245117
2017-01-10 17:00:03, 38.192604064941406
2017-01-10 17:15:03, 38.42815399169922
2017-01-10 17:30:03, 38.273189544677734
2017-01-10 17:45:03, 37.99424743652344
2017-01-10 18:00:03, 38.14301681518555
2017-01-10 18:15:02, 37.33719253540039
2017-01-10 18:30:03, 37.225616455078125
2017-01-10 18:45:02, 36.97146987915039
2017-01-10 19:00:03, 37.86407470703125
2017-01-10 19:15:03, 37.10164260864258
2017-01-10 19:30:02, 36.78240966796875
2017-01-10 19:45:04, 38.762882232666016
2017-01-10 20:00:03, 37.22871398925781
2017-01-10 20:15:03, 36.67393493652344
2017-01-10 20:30:02, 37.12953567504883
2017-01-10 20:45:03, 36.86919403076172
2017-01-10 21:00:02, 37.52935028076172
2017-01-10 21:15:02, 37.030357360839844
2017-01-10 21:30:03, 37.58823776245117
2017-01-10 21:45:03, 39.30836486816406
2017-01-10 22:00:02, 39.621395111083984
2017-01-10 22:15:02, 40.049102783203125
2017-01-10 22:30:02, 41.01299285888672
2017-01-10 22:45:03, 40.60078430175781
2017-01-10 23:00:02, 40.43341827392578
2017-01-10 23:15:02, 40.238162994384766
2017-01-10 23:30:03, 40.3962287902832
2017-01-10 23:45:03, 40.65037155151367
2017-01-11 00:00:03, 40.510902404785156
2017-01-11 00:15:03, 40.36213684082031
2017-01-11 00:30:02, 41.37251663208008
2017-01-11 00:45:03, 40.62247848510742
2017-01-11 01:00:02, 41.00059509277344
2017-01-11 01:15:03, 40.47370910644531
2017-01-11 01:30:03, 40.414825439453125
2017-01-11 01:45:03, 40.78364562988281
2017-01-11 02:00:03, 40.947906494140625
2017-01-11 02:15:02, 40.641075134277344
2017-01-11 02:30:02, 40.67826843261719
2017-01-11 02:45:02, 40.402427673339844
2017-01-11 03:00:02, 40.687564849853516
2017-01-11 03:15:02, 40.60078430175781
2017-01-11 03:30:03, 40.34973907470703
2017-01-11 03:45:03, 39.825950622558594
2017-01-11 04:00:02, 40.10799026489258
2017-01-11 04:15:03, 39.83525085449219
2017-01-11 04:30:03, 39.54701232910156
2017-01-11 04:45:02, 39.78875732421875
2017-01-11 05:00:02, 39.77946090698242
2017-01-11 05:15:02, 39.41374206542969
2017-01-11 05:30:03, 39.69268035888672
2017-01-11 05:45:03, 39.10690689086914
2017-01-11 06:00:03, 39.81355285644531
2017-01-11 06:15:03, 39.20918655395508
2017-01-11 06:30:03, 39.55010986328125
2017-01-11 06:45:03, 38.97053527832031
2017-01-11 07:00:02, 38.64820861816406
2017-01-11 07:15:02, 38.6234130859375
2017-01-11 07:30:03, 37.59443664550781
2017-01-11 07:45:02, 37.38368225097656
2017-01-11 08:00:02, 37.28450393676758
2017-01-11 08:15:03, 36.84130096435547
2017-01-11 08:30:02, 36.6677360534668
2017-01-11 08:45:03, 36.93428039550781
2017-01-11 09:00:03, 36.887786865234375
2017-01-11 09:15:02, 37.30619812011719
2017-01-11 09:30:03, 37.476661682128906
2017-01-11 09:45:02, 37.690513610839844
2017-01-11 10:00:03, 36.9373779296875
2017-01-11 10:15:02, 35.69764709472656
2017-01-11 10:30:02, 35.29783248901367
2017-01-11 10:45:02, 35.25444412231445
2017-01-11 11:00:02, 35.3474235534668
2017-01-11 11:15:02, 35.08087921142578
2017-01-11 11:30:02, 34.99100112915039
2017-01-11 11:45:03, 34.464115142822266
2017-01-11 12:00:02, 34.77094650268555
2017-01-11 12:15:02, 35.3474235534668
2017-01-11 12:30:03, 34.47651290893555
2017-01-11 12:45:03, 34.44861602783203
2017-01-11 13:00:02, 33.48472595214844
2017-01-11 13:15:03, 33.0012321472168
2017-01-11 13:30:03, 34.37423324584961
2017-01-11 13:45:03, 34.423824310302734
2017-01-11 14:00:03, 34.718257904052734
2017-01-11 14:15:02, 34.76165008544922
2017-01-11 14:30:03, 35.077781677246094
2017-01-11 14:45:03, 34.219268798828125
2017-01-11 15:00:02, 34.39902877807617
2017-01-11 15:15:03, 34.56639099121094
2017-01-11 15:30:02, 35.37531661987305
2017-01-11 15:45:03, 36.416690826416016
2017-01-11 16:00:02, 37.396080017089844
2017-01-11 16:15:02, 36.94357681274414
2017-01-11 16:30:02, 37.4456672668457
2017-01-11 16:45:03, 37.743202209472656
2017-01-11 17:00:03, 37.83308410644531
2017-01-11 17:15:03, 38.062435150146484
2017-01-11 17:30:03, 38.17710876464844
2017-01-11 17:45:02, 38.505638122558594
2017-01-11 18:00:02, 35.49618911743164
2017-01-11 18:15:03, 34.47651290893555
2017-01-11 18:30:03, 33.87834167480469
2017-01-11 18:45:02, 34.085994720458984
2017-01-11 19:00:03, 36.677032470703125
2017-01-11 19:15:03, 37.027259826660156
2017-01-11 19:30:03, 36.80720520019531
2017-01-11 19:45:03, 37.22871398925781
2017-01-11 20:00:02, 35.89600372314453
2017-01-11 20:15:03, 34.901119232177734
2017-01-11 20:30:03, 34.076698303222656
2017-01-11 20:45:02, 33.593204498291016
2017-01-11 21:00:03, 32.93304443359375
2017-01-11 21:15:03, 33.215084075927734
2017-01-11 21:30:02, 33.27707290649414
2017-01-11 21:45:03, 34.95071029663086
2017-01-11 22:00:02, 35.62636184692383
2017-01-11 22:15:03, 35.316429138183594
2017-01-11 22:30:02, 36.13465118408203
2017-01-11 22:45:02, 35.78133010864258
2017-01-11 23:00:03, 35.806121826171875
2017-01-11 23:15:02, 36.22453308105469
2017-01-11 23:30:02, 36.615047454833984
2017-01-11 23:45:03, 37.48286056518555
2017-01-12 00:00:03, 38.33207702636719
2017-01-12 00:15:03, 38.03763961791992
2017-01-12 00:30:02, 39.190589904785156
2017-01-12 00:45:02, 39.10380935668945
2017-01-12 01:00:02, 38.63581085205078
2017-01-12 01:15:02, 39.063514709472656
2017-01-12 01:30:03, 39.48192596435547
2017-01-12 01:45:02, 39.063514709472656
2017-01-12 02:00:02, 39.09450912475586
2017-01-12 02:15:02, 39.33005905151367
2017-01-12 02:30:02, 39.08521270751953
2017-01-12 02:45:02, 39.02012634277344
2017-01-12 03:00:03, 39.86934280395508
2017-01-12 03:15:02, 38.83416748046875
2017-01-12 03:30:03, 39.25567626953125
2017-01-12 03:45:02, 39.227783203125
2017-01-12 04:00:03, 39.32386016845703
2017-01-12 04:15:02, 39.50672149658203
2017-01-12 04:30:02, 39.110008239746094
2017-01-12 04:45:02, 39.171993255615234
2017-01-12 05:00:03, 39.38584899902344
2017-01-12 05:15:02, 38.772178649902344
2017-01-12 05:30:03, 39.001529693603516
2017-01-12 05:45:02, 38.939544677734375
2017-01-12 06:00:03, 39.26497268676758
2017-01-12 06:15:02, 38.95813751220703
2017-01-12 06:30:03, 38.83726501464844
2017-01-12 06:45:02, 38.995330810546875
2017-01-12 07:00:03, 39.24947738647461
2017-01-12 07:15:02, 38.16781234741211
2017-01-12 07:30:03, 37.048954010009766
2017-01-12 07:45:03, 37.57583999633789
2017-01-12 08:00:03, 37.11404037475586
2017-01-12 08:15:03, 36.72662353515625
2017-01-12 08:30:02, 36.84130096435547
2017-01-12 08:45:03, 37.00556182861328
2017-01-12 09:00:02, 37.53554916381836
2017-01-12 09:15:03, 37.69981384277344
2017-01-12 09:30:02, 38.084129333496094
2017-01-12 09:45:02, 38.03763961791992
2017-01-12 10:00:02, 37.687416076660156
2017-01-12 10:15:02, 37.57893753051758
2017-01-12 10:30:02, 37.85477828979492
2017-01-12 10:45:02, 38.273189544677734
2017-01-12 11:00:03, 38.130619049072266
2017-01-12 11:15:02, 38.375465393066406
2017-01-12 11:30:03, 38.1461181640625
2017-01-12 11:45:03, 38.3537712097168
2017-01-12 12:00:02, 38.03763961791992
2017-01-12 12:15:03, 37.77729797363281
2017-01-12 12:30:03, 37.97565460205078
2017-01-12 12:45:02, 36.832000732421875
2017-01-12 13:00:02, 36.3330078125
2017-01-12 13:15:02, 36.33920669555664
2017-01-12 13:30:03, 35.806121826171875
2017-01-12 13:45:03, 36.32991027832031
2017-01-12 14:00:02, 36.71732711791992
2017-01-12 14:15:03, 36.7855110168457
2017-01-12 14:30:03, 37.40227508544922
2017-01-12 14:45:03, 38.00354766845703
2017-01-12 15:00:02, 38.19570541381836
2017-01-12 15:15:03, 38.518035888671875
2017-01-12 15:30:03, 38.4715461730957
2017-01-12 15:45:03, 38.01594543457031
2017-01-12 16:00:02, 39.83525085449219
2017-01-12 16:15:02, 39.54081344604492
2017-01-12 16:30:02, 39.96852111816406
2017-01-12 16:45:02, 39.30216598510742
2017-01-12 17:00:02, 38.57692337036133
2017-01-12 17:15:02, 38.68539810180664
2017-01-12 17:30:03, 38.347572326660156
2017-01-12 17:45:03, 39.218482971191406
2017-01-12 18:00:02, 40.0305061340332
2017-01-12 18:15:03, 39.150299072265625
2017-01-12 18:30:03, 38.59552001953125
2017-01-12 18:45:03, 38.124420166015625
2017-01-12 19:00:02, 38.375465393066406
2017-01-12 19:15:02, 37.82688522338867
2017-01-12 19:30:03, 36.04787063598633
2017-01-12 19:45:03, 36.348506927490234
2017-01-12 20:00:03, 35.328826904296875
2017-01-12 20:15:02, 34.15418243408203
2017-01-12 20:30:03, 34.076698303222656
2017-01-12 20:45:02, 34.78334426879883
2017-01-12 21:00:03, 34.99100112915039
2017-01-12 21:15:02, 35.96418762207031
2017-01-12 21:30:03, 36.233829498291016
2017-01-12 21:45:03, 35.74723815917969
2017-01-12 22:00:02, 35.14906692504883
2017-01-12 22:15:03, 35.48689270019531
2017-01-12 22:30:03, 36.64604187011719
2017-01-12 22:45:02, 36.97146987915039
2017-01-12 23:00:02, 37.38058090209961
2017-01-12 23:15:03, 37.309295654296875
2017-01-12 23:30:02, 36.844398498535156
2017-01-12 23:45:02, 38.00044631958008
2017-01-13 00:00:02, 38.927146911621094
2017-01-13 00:15:02, 38.769081115722656
2017-01-13 00:30:03, 39.156497955322266
2017-01-13 00:45:02, 38.90235137939453
2017-01-13 01:00:03, 39.04801940917969
2017-01-13 01:15:02, 39.221580505371094
2017-01-13 01:30:02, 39.26497268676758
2017-01-13 01:45:03, 39.74536895751953
2017-01-13 02:00:03, 39.348655700683594
2017-01-13 02:15:02, 38.8310661315918
2017-01-13 02:30:03, 39.33005905151367
2017-01-13 02:45:03, 38.81867218017578
2017-01-13 03:00:02, 39.1317024230957
2017-01-13 03:15:03, 38.713294982910156
2017-01-13 03:30:03, 38.694698333740234
2017-01-13 03:45:02, 38.54902648925781
2017-01-13 04:00:03, 38.375465393066406
2017-01-13 04:15:02, 38.46844482421875
2017-01-13 04:30:03, 38.84966278076172
2017-01-13 04:45:02, 38.335174560546875
2017-01-13 05:00:02, 37.54794692993164
2017-01-13 05:15:03, 38.02524185180664
2017-01-13 05:30:03, 37.73390579223633
2017-01-13 05:45:02, 38.040740966796875
2017-01-13 06:00:03, 38.062435150146484
                                       2017-01-25 18:00:03, 44.35097122192383
2017-01-25 18:15:02, 37.157432556152344
2017-01-25 18:30:03, 34.867027282714844
2017-01-25 18:45:02, 33.7791633605957
2017-01-25 19:00:02, 32.65720748901367
2017-01-25 19:15:03, 32.48984146118164
2017-01-25 19:30:02, 32.74088668823242
2017-01-25 19:45:02, 33.4227409362793
2017-01-25 20:00:03, 33.30186462402344
2017-01-25 20:15:02, 33.466129302978516
2017-01-25 20:30:03, 33.95892333984375
2017-01-25 20:45:03, 33.825653076171875
2017-01-25 21:00:02, 33.54981231689453
2017-01-25 21:15:03, 33.5963020324707
2017-01-25 21:30:02, 35.499290466308594
2017-01-25 21:45:02, 36.28031921386719
2017-01-25 22:00:03, 37.16672897338867
2017-01-25 22:15:03, 37.49525833129883
2017-01-25 22:30:02, 38.20500183105469
2017-01-25 22:45:02, 38.02214050292969
2017-01-25 23:00:02, 37.829986572265625
2017-01-25 23:15:02, 38.03144073486328
2017-01-25 23:30:02, 38.24839401245117
2017-01-25 23:45:02, 39.02012634277344
2017-01-26 00:00:02, 39.71437454223633
2017-01-26 00:15:02, 39.94992446899414
2017-01-26 00:30:03, 40.408626556396484
2017-01-26 00:45:02, 40.74645233154297
2017-01-26 01:00:02, 40.647274017333984
2017-01-26 01:15:02, 40.55119323730469
2017-01-26 01:30:03, 40.52020263671875
2017-01-26 01:45:03, 40.25056076049805
2017-01-26 02:00:02, 40.69066619873047
2017-01-26 02:15:03, 40.3094482421875
2017-01-26 02:30:02, 40.13898468017578
2017-01-26 02:45:03, 40.34354019165039
2017-01-26 03:00:02, 40.38072967529297
2017-01-26 03:15:03, 40.94171142578125
2017-01-26 03:30:03, 39.81975173950195
2017-01-26 03:45:02, 40.089393615722656
2017-01-26 04:00:02, 39.76396560668945
2017-01-26 04:15:02, 40.18857192993164
2017-01-26 04:30:02, 39.99021530151367
2017-01-26 04:45:02, 40.10799026489258
2017-01-26 05:00:02, 39.987117767333984
2017-01-26 05:15:02, 40.60698318481445
2017-01-26 05:30:02, 39.68338394165039
2017-01-26 05:45:02, 39.69268035888672
2017-01-26 06:00:02, 39.91583251953125
2017-01-26 06:15:02, 39.76706314086914
2017-01-26 06:30:02, 39.25877380371094
2017-01-26 06:45:02, 39.1967887878418
2017-01-26 07:00:02, 38.80937194824219
2017-01-26 07:15:02, 38.67919921875
2017-01-26 07:30:02, 38.201904296875
2017-01-26 07:45:02, 38.07793045043945
2017-01-26 08:00:02, 37.75250244140625
2017-01-26 08:15:02, 37.929161071777344
2017-01-26 08:30:02, 37.84238052368164
2017-01-26 08:45:02, 37.29999923706055
2017-01-26 09:00:03, 37.368186950683594
2017-01-26 09:15:03, 38.24529266357422
2017-01-26 09:30:02, 38.201904296875
2017-01-26 09:45:03, 37.45496368408203
2017-01-26 10:00:02, 38.15541458129883
2017-01-26 10:15:03, 38.07793045043945
2017-01-26 10:30:02, 38.068634033203125
2017-01-26 10:45:02, 37.90436935424805
2017-01-26 11:00:02, 37.80208969116211
2017-01-26 11:15:03, 38.084129333496094
2017-01-26 11:30:02, 37.77419662475586
2017-01-26 11:45:03, 38.44364929199219
2017-01-26 12:00:02, 37.76799774169922
2017-01-26 12:15:02, 38.40956115722656
2017-01-26 12:30:02, 37.9322624206543
2017-01-26 12:45:03, 38.27008819580078
2017-01-26 13:00:02, 38.34447479248047
2017-01-26 13:15:02, 38.24219512939453
2017-01-26 13:30:03, 38.82796859741211
2017-01-26 13:45:02, 38.301082611083984
2017-01-26 14:00:02, 37.71221160888672
2017-01-26 14:15:02, 37.79899215698242
2017-01-26 14:30:02, 37.321693420410156
2017-01-26 14:45:03, 37.048954010009766
2017-01-26 15:00:03, 36.89398956298828
2017-01-26 15:15:02, 37.027259826660156
2017-01-26 15:30:03, 36.847496032714844
2017-01-26 15:45:02, 36.980770111083984
2017-01-26 16:00:02, 37.110939025878906
2017-01-26 16:15:02, 37.296897888183594
2017-01-26 16:30:02, 37.13263702392578
2017-01-26 16:45:02, 36.99626541137695
2017-01-26 17:00:02, 37.63162612915039
2017-01-26 17:15:02, 37.42707061767578
2017-01-26 17:30:02, 36.980770111083984
2017-01-26 17:45:02, 37.47356033325195
2017-01-26 18:00:02, 37.098541259765625
2017-01-26 18:15:02, 37.26280975341797
2017-01-26 18:30:02, 37.72770690917969
2017-01-26 18:45:02, 38.090328216552734
2017-01-26 19:00:02, 37.34339141845703
2017-01-26 19:15:02, 37.098541259765625
2017-01-26 19:30:03, 37.287601470947266
2017-01-26 19:45:03, 36.47248077392578
2017-01-26 20:00:02, 36.0943603515625
2017-01-26 20:15:02, 35.716243743896484
2017-01-26 20:30:02, 35.158363342285156
2017-01-26 20:45:03, 35.105674743652344
2017-01-26 21:00:02, 35.728641510009766
2017-01-26 21:15:02, 36.06956481933594
2017-01-26 21:30:02, 36.93428039550781
2017-01-26 21:45:03, 37.448768615722656
2017-01-26 22:00:02, 38.04383850097656
2017-01-26 22:15:02, 38.518035888671875
2017-01-26 22:30:02, 38.0500373840332
2017-01-26 22:45:02, 38.27628707885742
2017-01-26 23:00:03, 38.955039978027344
2017-01-26 23:15:02, 38.586219787597656
2017-01-26 23:30:02, 38.88995361328125
2017-01-26 23:45:02, 38.94264221191406
2017-01-27 00:00:02, 38.83726501464844
2017-01-27 00:15:02, 39.40754318237305
2017-01-27 00:30:02, 39.655487060546875
2017-01-27 00:45:02, 39.429237365722656
2017-01-27 01:00:03, 39.14719772338867
2017-01-27 01:15:02, 39.40754318237305
2017-01-27 01:30:03, 39.354854583740234
2017-01-27 01:45:03, 39.320762634277344
2017-01-27 02:00:02, 39.162696838378906
2017-01-27 02:15:02, 38.756683349609375
2017-01-27 02:30:02, 39.25877380371094
2017-01-27 02:45:02, 38.989131927490234
2017-01-27 03:00:02, 39.45403289794922
2017-01-27 03:15:02, 38.769081115722656
2017-01-27 03:30:03, 39.11310577392578
2017-01-27 03:45:02, 38.862060546875
2017-01-27 04:00:02, 38.64820861816406
2017-01-27 04:15:02, 38.62651062011719
2017-01-27 04:30:02, 39.32695770263672
2017-01-27 04:45:02, 38.45604705810547
2017-01-27 05:00:02, 39.03872299194336
2017-01-27 05:15:03, 38.87445831298828
2017-01-27 05:30:02, 38.449851989746094
2017-01-27 05:45:02, 38.201904296875
2017-01-27 06:00:02, 38.38166427612305
2017-01-27 06:15:02, 38.136817932128906
2017-01-27 06:30:02, 37.79899215698242
2017-01-27 06:45:02, 37.901268005371094
2017-01-27 07:00:03, 37.70601272583008
2017-01-27 07:15:03, 37.20082092285156
2017-01-27 07:30:02, 37.055152893066406
2017-01-27 07:45:02, 36.11605453491211
2017-01-27 08:00:02, 36.56855773925781
2017-01-27 08:15:02, 36.382598876953125
2017-01-27 08:30:02, 36.51277160644531
2017-01-27 08:45:02, 37.210121154785156
2017-01-27 09:00:02, 36.68633270263672
2017-01-27 09:15:03, 36.9931640625
2017-01-27 09:30:02, 37.31859588623047
2017-01-27 09:45:02, 37.176025390625
2017-01-27 10:00:02, 37.51695251464844
2017-01-27 10:15:02, 37.53554916381836
2017-01-27 10:30:03, 37.2721061706543
2017-01-27 10:45:03, 37.048954010009766
2017-01-27 11:00:02, 37.35578918457031
2017-01-27 11:15:02, 36.76691436767578
2017-01-27 11:30:03, 36.71112823486328
2017-01-27 11:45:02, 37.53864669799805
2017-01-27 12:00:02, 38.040740966796875
2017-01-27 12:15:03, 38.19880676269531
2017-01-27 12:30:03, 37.93536376953125
2017-01-27 12:45:02, 38.16781234741211
2017-01-27 13:00:02, 38.50873565673828
2017-01-27 13:15:03, 38.73188781738281
2017-01-27 13:30:03, 37.57583999633789
2017-01-27 13:45:03, 36.9931640625
2017-01-27 14:00:03, 37.238014221191406
2017-01-27 14:15:03, 37.14503479003906
2017-01-27 14:30:02, 36.77311325073242
2017-01-27 14:45:02, 37.0334587097168
2017-01-27 15:00:02, 36.825801849365234
2017-01-27 15:15:03, 37.526248931884766
2017-01-27 15:30:02, 38.81867218017578
2017-01-27 15:45:03, 39.010826110839844
2017-01-27 16:00:02, 39.754669189453125
2017-01-27 16:15:02, 38.899253845214844
2017-01-27 16:30:02, 38.62031173706055
2017-01-27 16:45:02, 38.800071716308594
2017-01-27 17:00:02, 38.505638122558594
2017-01-27 17:15:02, 37.24420928955078
2017-01-27 17:30:03, 37.38058090209961
2017-01-27 17:45:03, 37.63162612915039
2017-01-27 18:00:02, 38.25459289550781
2017-01-27 18:15:03, 38.68230056762695
2017-01-27 18:30:02, 38.70399475097656
2017-01-27 18:45:02, 38.561424255371094
2017-01-27 19:00:02, 38.35687255859375
2017-01-27 19:15:02, 37.98805236816406
2017-01-27 19:30:02, 38.524234771728516
2017-01-27 19:45:03, 37.67811584472656
2017-01-27 20:00:02, 37.41777420043945
2017-01-27 20:15:02, 37.65022277832031
2017-01-27 20:30:02, 37.19462203979492
2017-01-27 20:45:02, 37.259708404541016
2017-01-27 21:00:02, 37.036556243896484
2017-01-27 21:15:02, 37.27830505371094
2017-01-27 21:30:02, 36.93117904663086
2017-01-27 21:45:03, 37.07994842529297
2017-01-27 22:00:02, 36.75761795043945
2017-01-27 22:15:02, 36.580955505371094
2017-01-27 22:30:03, 36.9373779296875
2017-01-27 22:45:02, 37.213218688964844
2017-01-27 23:00:03, 37.39297866821289
2017-01-27 23:15:03, 37.39917755126953
2017-01-27 23:30:03, 37.29070281982422
2017-01-27 23:45:03, 37.55104446411133
2017-01-28 00:00:02, 37.60063552856445
2017-01-28 00:15:02, 37.507652282714844
2017-01-28 00:30:02, 37.31239700317383
2017-01-28 00:45:02, 37.43946838378906
2017-01-28 01:00:02, 37.04585266113281
2017-01-28 01:15:03, 37.829986572265625
2017-01-28 01:30:02, 38.24529266357422
2017-01-28 01:45:02, 37.138832092285156
2017-01-28 02:00:03, 39.543914794921875
2017-01-28 02:15:03, 38.88685607910156
2017-01-28 02:30:03, 38.982933044433594
2017-01-28 02:45:03, 39.2525749206543
2017-01-28 03:00:02, 38.78767776489258
2017-01-28 03:15:03, 38.40026092529297
2017-01-28 03:30:03, 38.54283142089844
2017-01-28 03:45:03, 38.27628707885742
2017-01-28 04:00:02, 38.40026092529297
2017-01-28 04:15:02, 38.17401123046875
2017-01-28 04:30:03, 38.1151237487793
2017-01-28 04:45:02, 38.322776794433594
2017-01-28 05:00:02, 38.084129333496094
2017-01-28 05:15:02, 38.490142822265625
2017-01-28 05:30:02, 38.22979736328125
2017-01-28 05:45:02, 38.347572326660156
2017-01-28 06:00:03, 38.524234771728516
2017-01-28 06:15:02, 38.16781234741211
2017-01-28 06:30:02, 38.313480377197266
2017-01-28 06:45:03, 37.76179885864258
2017-01-28 07:00:02, 37.042755126953125
2017-01-28 07:15:02, 37.14503479003906
2017-01-28 07:30:03, 37.51385498046875
2017-01-28 07:45:02, 36.9683723449707
2017-01-28 08:00:02, 36.99626541137695
2017-01-28 08:15:03, 36.388797760009766
2017-01-28 08:30:03, 36.62434387207031
2017-01-28 08:45:02, 36.77931213378906
2017-01-28 09:00:02, 36.33920669555664
2017-01-28 09:15:03, 36.34540557861328
2017-01-28 09:30:02, 35.99208450317383
2017-01-28 09:45:02, 37.12333679199219
2017-01-28 10:00:03, 37.420875549316406
2017-01-28 10:15:02, 37.56344223022461
2017-01-28 10:30:02, 37.95705795288086
2017-01-28 10:45:03, 37.78659439086914
2017-01-28 11:00:02, 39.184391021728516
2017-01-28 11:15:03, 38.40026092529297
2017-01-28 11:30:03, 38.812469482421875
2017-01-28 11:45:03, 39.25877380371094
2017-01-28 12:00:03, 38.99223327636719
2017-01-28 12:15:03, 37.836181640625
2017-01-28 12:30:02, 37.287601470947266
2017-01-28 12:45:02, 37.002464294433594
2017-01-28 13:00:03, 36.52206802368164
2017-01-28 13:15:03, 35.67595291137695
2017-01-28 13:30:02, 35.21415328979492
2017-01-28 13:45:03, 35.72554016113281
2017-01-28 14:00:02, 35.818519592285156
2017-01-28 14:15:02, 35.539581298828125
2017-01-28 14:30:03, 35.812320709228516
2017-01-28 14:45:02, 36.3082160949707
2017-01-28 15:00:02, 36.11295700073242
2017-01-28 15:15:02, 36.9931640625
2017-01-28 15:30:03, 37.39297866821289
2017-01-28 15:45:03, 37.00556182861328
2017-01-28 16:00:03, 37.213218688964844
2017-01-28 16:15:02, 37.070648193359375
2017-01-28 16:30:03, 37.269004821777344
2017-01-28 16:45:02, 37.36508560180664
2017-01-28 17:00:02, 36.92808151245117
2017-01-28 17:15:03, 37.185325622558594
2017-01-28 17:30:02, 38.44364929199219
2017-01-28 17:45:02, 38.852760314941406
2017-01-28 18:00:02, 39.35175323486328
2017-01-28 18:15:02, 38.83726501464844
2017-01-28 18:30:03, 39.11930465698242
2017-01-28 18:45:02, 39.74536895751953
2017-01-28 19:00:04, 37.879573822021484
2017-01-28 19:15:02, 37.13263702392578
2017-01-28 19:30:02, 37.06135177612305
2017-01-28 19:45:02, 36.75761795043945
2017-01-28 20:00:03, 36.46937942504883
2017-01-28 20:15:03, 35.48689270019531
2017-01-28 20:30:02, 36.23693084716797
2017-01-28 20:45:03, 37.19152069091797
2017-01-28 21:00:02, 38.081031799316406
2017-01-28 21:15:03, 38.45914840698242
2017-01-28 21:30:02, 38.18640899658203
2017-01-28 21:45:03, 39.81355285644531
2017-01-28 22:00:03, 39.94992446899414
2017-01-28 22:15:03, 39.69268035888672
2017-01-28 22:30:02, 39.46952819824219
2017-01-28 22:45:03, 39.395145416259766
2017-01-28 23:00:02, 38.967437744140625
2017-01-28 23:15:02, 38.319679260253906
2017-01-28 23:30:02, 39.035621643066406
2017-01-28 23:45:03, 40.064598083496094
2017-01-29 00:00:03, 40.90142059326172
2017-01-29 00:15:02, 39.94062805175781
2017-01-29 00:30:03, 40.960304260253906
2017-01-29 00:45:03, 41.701045989990234
2017-01-29 01:00:02, 41.877708435058594
2017-01-29 01:15:03, 42.029571533203125
2017-01-29 01:30:02, 41.91489791870117
2017-01-29 01:45:03, 41.347721099853516
2017-01-29 02:00:02, 40.97580337524414
2017-01-29 02:15:03, 41.130767822265625
2017-01-29 02:30:03, 41.25164031982422
2017-01-29 02:45:03, 41.07807922363281
2017-01-29 03:00:02, 41.14936447143555
2017-01-29 03:15:02, 40.52330017089844
2017-01-29 03:30:03, 40.88902282714844
2017-01-29 03:45:03, 41.3601188659668
2017-01-29 04:00:03, 41.1214714050293
2017-01-29 04:15:02, 40.65037155151367
2017-01-29 04:30:02, 41.05018615722656
2017-01-29 04:45:03, 40.696861267089844
2017-01-29 05:00:02, 40.14828109741211
2017-01-29 05:15:02, 41.61736297607422
2017-01-29 05:30:03, 40.665870666503906
2017-01-29 05:45:03, 40.94480895996094
2017-01-29 06:00:03, 39.87554168701172
2017-01-29 06:15:02, 41.291934967041016
2017-01-29 06:30:02, 40.60698318481445
2017-01-29 06:45:02, 40.78054428100586
2017-01-29 07:00:03, 40.0398063659668
2017-01-29 07:15:03, 40.266056060791016
2017-01-29 07:30:02, 40.52330017089844
2017-01-29 07:45:02, 40.219566345214844
2017-01-29 08:00:02, 39.67098617553711
2017-01-29 08:15:03, 40.11418914794922
2017-01-29 08:30:03, 40.36833190917969
2017-01-29 08:45:03, 39.980918884277344
2017-01-29 09:00:02, 40.061500549316406
2017-01-29 09:15:02, 39.86934280395508
2017-01-29 09:30:03, 39.782562255859375
2017-01-29 09:45:02, 40.015010833740234
2017-01-29 10:00:03, 39.90343475341797
2017-01-29 10:15:02, 40.19477081298828
2017-01-29 10:30:02, 39.822853088378906
2017-01-29 10:45:02, 40.510902404785156
2017-01-29 11:00:03, 40.07389831542969
2017-01-29 11:15:03, 41.41900634765625
2017-01-29 11:30:03, 41.79402542114258
2017-01-29 11:45:03, 42.345703125
2017-01-29 12:00:02, 41.945892333984375
2017-01-29 12:15:03, 41.47479248046875
2017-01-29 12:30:03, 41.64215850830078
2017-01-29 12:45:03, 42.23102951049805
2017-01-29 13:00:02, 41.63905715942383
2017-01-29 13:15:03, 40.68446350097656
2017-01-29 13:30:03, 41.18965530395508
2017-01-29 13:45:02, 41.40660858154297
2017-01-29 14:00:03, 41.38801193237305
2017-01-29 14:15:02, 41.01919174194336
2017-01-29 14:30:03, 40.18547439575195
2017-01-29 14:45:03, 39.58110427856445
2017-01-29 15:00:02, 38.335174560546875
2017-01-29 15:15:02, 38.1461181640625
2017-01-29 15:30:02, 38.92094802856445
2017-01-29 15:45:03, 37.86407470703125
2017-01-29 16:00:02, 37.368186950683594
2017-01-29 16:15:03, 37.532447814941406
2017-01-29 16:30:02, 37.231815338134766
2017-01-29 16:45:02, 38.33207702636719
2017-01-29 17:00:03, 38.00354766845703
2017-01-29 17:15:03, 37.696712493896484
2017-01-29 17:30:03, 38.07793045043945
2017-01-29 17:45:02, 38.33207702636719
2017-01-29 18:00:03, 38.50873565673828
2017-01-29 18:15:03, 38.62961196899414
2017-01-29 18:30:03, 39.274269104003906
2017-01-29 18:45:02, 38.989131927490234
2017-01-29 19:00:03, 38.90235137939453
2017-01-29 19:15:02, 38.5273323059082
2017-01-29 19:30:03, 38.50873565673828
2017-01-29 19:45:02, 39.137901306152344
2017-01-29 20:00:02, 39.165794372558594
2017-01-29 20:15:03, 39.035621643066406
2017-01-29 20:30:03, 39.40754318237305
2017-01-29 20:45:03, 38.95813751220703
2017-01-29 21:00:03, 39.410640716552734
2017-01-29 21:15:02, 39.2835693359375
2017-01-29 21:30:02, 38.307281494140625
2017-01-29 21:45:03, 39.661685943603516
2017-01-29 22:00:02, 39.485023498535156
2017-01-29 22:15:03, 39.49122619628906
2017-01-29 22:30:03, 39.878639221191406
2017-01-29 22:45:02, 41.18965530395508
2017-01-29 23:00:03, 41.60186767578125
2017-01-29 23:15:03, 41.511985778808594
2017-01-29 23:30:02, 41.74443435668945
2017-01-29 23:45:02, 42.46967697143555
2017-01-30 00:00:03, 42.77960968017578
2017-01-30 00:15:03, 42.838497161865234
2017-01-30 00:30:02, 43.123634338378906
2017-01-30 00:45:02, 42.599849700927734
2017-01-30 01:00:03, 42.86949157714844
2017-01-30 01:15:02, 42.96556854248047
2017-01-30 01:30:03, 43.015159606933594
2017-01-30 01:45:02, 42.73931884765625
2017-01-30 02:00:02, 42.816802978515625
2017-01-30 02:15:02, 43.11124038696289
2017-01-30 02:30:02, 42.429386138916016
2017-01-30 02:45:02, 42.78580856323242
2017-01-30 03:00:03, 42.51306915283203
2017-01-30 03:15:02, 42.45418167114258
2017-01-30 03:30:03, 42.401493072509766
2017-01-30 03:45:03, 42.3766975402832
2017-01-30 04:00:03, 42.141151428222656
2017-01-30 04:15:02, 42.429386138916016
2017-01-30 04:30:03, 42.18144226074219
2017-01-30 04:45:02, 42.39839172363281
2017-01-30 05:00:03, 42.509971618652344
2017-01-30 05:15:03, 42.08536148071289
2017-01-30 05:30:02, 41.945892333984375
2017-01-30 05:45:02, 41.77233123779297
2017-01-30 06:00:02, 42.30851364135742
2017-01-30 06:15:02, 42.11325454711914
2017-01-30 06:30:02, 42.218631744384766
2017-01-30 06:45:02, 41.818817138671875
2017-01-30 07:00:02, 41.97688293457031
2017-01-30 07:15:03, 43.30030059814453
2017-01-30 07:30:03, 42.959373474121094
2017-01-30 07:45:02, 41.97688293457031
2017-01-30 08:00:03, 42.407691955566406
2017-01-30 08:15:03, 42.528564453125
2017-01-30 08:30:03, 42.33640670776367
2017-01-30 08:45:03, 42.578155517578125
2017-01-30 09:00:03, 41.524383544921875
2017-01-30 09:15:03, 42.02647399902344
2017-01-30 09:30:02, 42.196937561035156
2017-01-30 09:45:02, 41.67314910888672
2017-01-30 10:00:02, 41.80952072143555
2017-01-30 10:15:03, 41.61736297607422
2017-01-30 10:30:03, 41.28263473510742
2017-01-30 10:45:02, 41.43450164794922
2017-01-30 11:00:02, 41.46239471435547
2017-01-30 11:15:03, 41.5987663269043
2017-01-30 11:30:03, 42.16594314575195
2017-01-30 11:45:02, 41.986183166503906
2017-01-30 12:00:02, 41.719642639160156
2017-01-30 12:15:03, 42.09156036376953
2017-01-30 12:30:02, 42.06986618041992
2017-01-30 12:45:02, 41.967586517333984
2017-01-30 13:00:02, 41.44070053100586
2017-01-30 13:15:03, 41.61426544189453
2017-01-30 13:30:02, 41.64835739135742
2017-01-30 13:45:02, 41.456199645996094
2017-01-30 14:00:02, 41.25164031982422
2017-01-30 14:15:02, 41.42520523071289
2017-01-30 14:30:03, 40.37763214111328
2017-01-30 14:45:02, 40.703060150146484
2017-01-30 15:00:02, 41.115272521972656
2017-01-30 15:15:02, 40.78984069824219
2017-01-30 15:30:03, 41.198951721191406
2017-01-30 15:45:02, 40.876625061035156
2017-01-30 16:00:03, 40.851829528808594
2017-01-30 16:15:02, 40.54499435424805
2017-01-30 16:30:02, 40.91071701049805
2017-01-30 16:45:03, 40.24126052856445
2017-01-30 17:00:03, 40.56359100341797
2017-01-30 17:15:02, 39.81975173950195
2017-01-30 17:30:02, 39.89103698730469
2017-01-30 17:45:02, 39.80735778808594
2017-01-30 18:00:03, 39.91893005371094
2017-01-30 18:15:02, 39.605899810791016
2017-01-30 18:30:02, 39.73917007446289
2017-01-30 18:45:03, 39.6182975769043
2017-01-30 19:00:02, 40.005714416503906
2017-01-30 19:15:02, 39.48812484741211
2017-01-30 19:30:03, 39.980918884277344
2017-01-30 19:45:03, 40.36213684082031
2017-01-30 20:00:03, 41.16796112060547
2017-01-30 20:15:03, 40.777442932128906
2017-01-30 20:30:02, 39.822853088378906
2017-01-30 20:45:03, 40.00261306762695
2017-01-30 21:00:02, 39.361053466796875
2017-01-30 21:15:02, 39.4664306640625
2017-01-30 21:30:03, 39.88483810424805
2017-01-30 21:45:03, 40.049102783203125
2017-01-30 22:00:02, 40.005714416503906
2017-01-30 22:15:03, 40.0305061340332
2017-01-30 22:30:02, 40.715457916259766
2017-01-30 22:45:03, 41.13386917114258
2017-01-30 23:00:02, 40.97890090942383
2017-01-30 23:15:02, 41.40040969848633
2017-01-30 23:30:02, 41.52748107910156
2017-01-30 23:45:03, 41.5429801940918
2017-01-31 00:00:03, 41.97688293457031
2017-01-31 00:15:02, 41.989280700683594
2017-01-31 00:30:02, 42.08536148071289
2017-01-31 00:45:03, 42.03887176513672
2017-01-31 01:00:02, 42.49137496948242
2017-01-31 01:15:03, 42.14734649658203
2017-01-31 01:30:03, 42.51306915283203
2017-01-31 01:45:03, 42.28371810913086
2017-01-31 02:00:03, 42.351905822753906
2017-01-31 02:15:03, 42.47587585449219
2017-01-31 02:30:03, 42.40459442138672
2017-01-31 02:45:03, 42.27751922607422
2017-01-31 03:00:03, 42.30851364135742
2017-01-31 03:15:03, 42.52546691894531
2017-01-31 03:30:02, 42.128753662109375
2017-01-31 03:45:02, 42.29611587524414
2017-01-31 04:00:02, 42.451080322265625
2017-01-31 04:15:03, 42.24342727661133
2017-01-31 04:30:03, 42.1380500793457
2017-01-31 04:45:02, 42.34260559082031
2017-01-31 05:00:02, 42.550262451171875
2017-01-31 05:15:03, 42.788909912109375
2017-01-31 05:30:03, 41.9954833984375
2017-01-31 05:45:03, 42.44488525390625
2017-01-31 06:00:03, 41.347721099853516
2017-01-31 06:15:02, 42.014076232910156
2017-01-31 06:30:02, 42.12565231323242
2017-01-31 06:45:02, 41.77233123779297
2017-01-31 07:00:02, 41.85291290283203
2017-01-31 07:15:03, 41.890106201171875
2017-01-31 07:30:02, 41.46549606323242
2017-01-31 07:45:02, 41.68244934082031
2017-01-31 08:00:02, 41.75993347167969
2017-01-31 08:15:02, 42.06366729736328
2017-01-31 08:30:02, 41.45000076293945
2017-01-31 08:45:03, 42.435585021972656
2017-01-31 09:00:03, 42.03887176513672
2017-01-31 09:15:03, 41.7816276550293
2017-01-31 09:30:02, 41.797122955322266
2017-01-31 09:45:02, 42.11325454711914
2017-01-31 10:00:02, 42.46038055419922
2017-01-31 10:15:02, 43.7063102722168
2017-01-31 10:30:02, 42.156646728515625
2017-01-31 10:45:02, 42.100860595703125
2017-01-31 11:00:02, 42.355003356933594
2017-01-31 11:15:03, 42.224830627441406
2017-01-31 11:30:02, 42.640140533447266
2017-01-31 11:45:02, 42.31471252441406
2017-01-31 12:00:03, 41.831214904785156
2017-01-31 12:15:03, 42.09775924682617
2017-01-31 12:30:03, 42.361202239990234
2017-01-31 12:45:02, 42.06676483154297
2017-01-31 13:00:02, 42.001678466796875
2017-01-31 13:15:03, 41.890106201171875
2017-01-31 13:30:02, 41.64215850830078
2017-01-31 13:45:02, 42.141151428222656
2017-01-31 14:00:02, 41.97068786621094
2017-01-31 14:15:02, 42.03887176513672
2017-01-31 14:30:02, 42.339508056640625
2017-01-31 14:45:02, 41.484092712402344
2017-01-31 15:00:02, 40.64417266845703
2017-01-31 15:15:02, 40.55119323730469
2017-01-31 15:30:02, 39.86934280395508
2017-01-31 15:45:03, 40.79914093017578
2017-01-31 16:00:02, 40.647274017333984
2017-01-31 16:15:02, 41.41280746459961
2017-01-31 16:30:02, 40.12038803100586
2017-01-31 16:45:03, 41.15556335449219
2017-01-31 17:00:02, 41.21134948730469
2017-01-31 17:15:02, 41.07188034057617
2017-01-31 17:30:02, 41.818817138671875
2017-01-31 17:45:03, 41.592567443847656
2017-01-31 18:00:02, 41.76612854003906
2017-01-31 18:15:03, 41.56157684326172
2017-01-31 18:30:02, 41.78472900390625
2017-01-31 18:45:03, 39.47882843017578
2017-01-31 19:00:03, 38.688499450683594
2017-01-31 19:15:03, 39.88483810424805
2017-01-31 19:30:02, 40.926212310791016
2017-01-31 19:45:02, 41.18345642089844
2017-01-31 20:00:03, 41.552276611328125
2017-01-31 20:15:02, 40.95720672607422
2017-01-31 20:30:03, 41.14006805419922
2017-01-31 20:45:03, 41.63285827636719
2017-01-31 21:00:02, 41.31053161621094
2017-01-31 21:15:03, 41.2640380859375
2017-01-31 21:30:03, 41.307430267333984
2017-01-31 21:45:03, 41.115272521972656
2017-01-31 22:00:02, 41.074981689453125
2017-01-31 22:15:02, 40.81463623046875
2017-01-31 22:30:02, 40.777442932128906
2017-01-31 22:45:02, 40.99440002441406
2017-01-31 23:00:02, 41.94898986816406
2017-01-31 23:15:03, 41.51508331298828
2017-01-31 23:30:02, 42.07296371459961
2017-01-31 23:45:02, 42.43868637084961
2017-02-01 00:00:03, 42.25582504272461
2017-02-01 00:15:02, 41.92729568481445
2017-02-01 00:30:02, 42.26512145996094
2017-02-01 00:45:02, 42.02647399902344
2017-02-01 01:00:03, 42.14734649658203
2017-02-01 01:15:02, 41.564674377441406
2017-02-01 01:30:02, 41.666954040527344
2017-02-01 01:45:02, 40.88902282714844
2017-02-01 02:00:03, 41.39731216430664
2017-02-01 02:15:03, 41.558475494384766
2017-02-01 02:30:03, 39.18749237060547
2017-02-01 02:45:03, 37.51385498046875
2017-02-01 03:00:02, 37.38058090209961
2017-02-01 03:15:02, 36.89708709716797
2017-02-01 03:30:03, 36.832000732421875
2017-02-01 03:45:02, 36.450782775878906
2017-02-01 04:00:03, 36.881591796875
2017-02-01 04:15:03, 36.432186126708984
2017-02-01 04:30:03, 36.46318054199219
2017-02-01 04:45:03, 36.41358947753906
2017-02-01 05:00:03, 36.06646728515625
2017-02-01 05:15:02, 36.37329864501953
2017-02-01 05:30:03, 36.82270431518555
2017-02-01 05:45:03, 36.09126281738281
2017-02-01 06:00:02, 36.057167053222656
2017-02-01 06:15:02, 36.13465118408203
2017-02-01 06:30:03, 36.09746170043945
2017-02-01 06:45:03, 36.3640022277832
2017-02-01 07:00:02, 36.3640022277832
2017-02-01 07:15:03, 35.9424934387207
2017-02-01 07:30:03, 36.38569641113281
2017-02-01 07:45:02, 36.40119552612305
2017-02-01 08:00:03, 36.205936431884766
2017-02-01 08:15:02, 36.69253158569336
2017-02-01 08:30:03, 36.10055923461914
2017-02-01 08:45:03, 36.01377868652344
2017-02-01 09:00:03, 36.53136444091797
2017-02-01 09:15:03, 36.171844482421875
2017-02-01 09:30:03, 35.80922317504883
2017-02-01 09:45:03, 36.26172637939453
2017-02-01 10:00:02, 36.69873046875
2017-02-01 10:15:03, 37.16982650756836
2017-02-01 10:30:03, 37.67811584472656
2017-02-01 10:45:02, 37.11404037475586
2017-02-01 11:00:02, 37.225616455078125
2017-02-01 11:15:02, 36.95597457885742
2017-02-01 11:30:03, 36.94977569580078
2017-02-01 11:45:03, 37.036556243896484
2017-02-01 12:00:03, 37.12643814086914
2017-02-01 12:15:02, 36.847496032714844
2017-02-01 12:30:03, 36.59025192260742
2017-02-01 12:45:03, 36.07266616821289
2017-02-01 13:00:03, 35.180057525634766
2017-02-01 13:15:03, 34.064300537109375
2017-02-01 13:30:03, 34.75855255126953
2017-02-01 13:45:03, 34.15727996826172
2017-02-01 14:00:03, 34.15418243408203
2017-02-01 14:15:03, 34.40212631225586
2017-02-01 14:30:03, 34.56329345703125
2017-02-01 14:45:03, 34.96620559692383
2017-02-01 15:00:03, 35.65735626220703
2017-02-01 15:15:02, 35.46829605102539
2017-02-01 15:30:03, 35.573673248291016
2017-02-01 15:45:02, 35.45589828491211
2017-02-01 16:00:03, 36.49417495727539
2017-02-01 16:15:03, 35.25444412231445
2017-02-01 16:30:03, 35.16146469116211
2017-02-01 16:45:02, 35.16766357421875
2017-02-01 17:00:02, 35.74723815917969
2017-02-01 17:15:03, 35.60466766357422
2017-02-01 17:30:03, 35.6728515625
2017-02-01 17:45:03, 35.26374053955078
2017-02-01 18:00:03, 35.37841796875
2017-02-01 18:15:03, 35.03438949584961
2017-02-01 18:30:02, 35.70694351196289
2017-02-01 18:45:02, 36.57475662231445
2017-02-01 19:00:02, 36.72972106933594
2017-02-01 19:15:03, 36.974571228027344
2017-02-01 19:30:02, 37.241111755371094
2017-02-01 19:45:03, 37.79279327392578
2017-02-01 20:00:02, 36.52826690673828
2017-02-01 20:15:02, 40.14518356323242
2017-02-01 20:30:02, 41.18655776977539
2017-02-01 20:45:03, 42.339508056640625
2017-02-01 21:00:03, 41.72583770751953
2017-02-01 21:15:03, 41.80642318725586
2017-02-01 21:30:02, 41.9954833984375
2017-02-01 21:45:03, 42.17524337768555
2017-02-01 22:00:02, 42.22173309326172
2017-02-01 22:15:02, 42.65253829956055
2017-02-01 22:30:02, 42.78580856323242
2017-02-01 22:45:03, 42.69902801513672
2017-02-01 23:00:02, 42.91598129272461
2017-02-01 23:15:03, 43.043052673339844
2017-02-01 23:30:02, 42.435585021972656
2017-02-01 23:45:03, 43.11433792114258
2017-02-02 00:00:02, 42.007877349853516
2017-02-02 00:15:03, 41.43760299682617
2017-02-02 00:30:02, 41.16176223754883
2017-02-02 00:45:02, 41.558475494384766
2017-02-02 01:00:03, 42.06986618041992
2017-02-02 01:15:02, 42.15974426269531
2017-02-02 01:30:03, 42.196937561035156
2017-02-02 01:45:02, 42.3859977722168
2017-02-02 02:00:02, 42.3766975402832
2017-02-02 02:15:02, 41.5987663269043
2017-02-02 02:30:03, 42.46967697143555
2017-02-02 02:45:03, 42.71762466430664
2017-02-02 03:00:03, 42.627742767333984
2017-02-02 03:15:02, 42.65253829956055
2017-02-02 03:30:03, 43.09884262084961
2017-02-02 03:45:02, 43.619529724121094
2017-02-02 04:00:02, 42.71142578125
2017-02-02 04:15:02, 42.860191345214844
2017-02-02 04:30:03, 42.83539962768555
2017-02-02 04:45:03, 42.33020782470703
2017-02-02 05:00:02, 41.952091217041016
2017-02-02 05:15:02, 42.49137496948242
2017-02-02 05:30:02, 42.07606506347656
2017-02-02 05:45:03, 42.27132034301758
2017-02-02 06:00:02, 42.389095306396484
2017-02-02 06:15:02, 42.69902801513672
2017-02-02 06:30:02, 42.041969299316406
2017-02-02 06:45:03, 42.05126953125
2017-02-02 07:00:03, 42.05746841430664
2017-02-02 07:15:02, 42.088462829589844
2017-02-02 07:30:02, 41.719642639160156
2017-02-02 07:45:03, 41.90869903564453
2017-02-02 08:00:03, 40.74025344848633
2017-02-02 08:15:03, 42.07606506347656
2017-02-02 08:30:02, 42.07916259765625
2017-02-02 08:45:02, 41.567771911621094
2017-02-02 09:00:02, 41.530582427978516
2017-02-02 09:15:02, 41.592567443847656
2017-02-02 09:30:03, 41.48719024658203
2017-02-02 09:45:03, 41.45000076293945
2017-02-02 10:00:02, 41.291934967041016
2017-02-02 10:15:03, 41.33222579956055
2017-02-02 10:30:02, 41.747535705566406
2017-02-02 10:45:03, 42.33020782470703
2017-02-02 11:00:02, 42.25582504272461
2017-02-02 11:15:03, 41.868408203125
2017-02-02 11:30:03, 42.23102951049805
2017-02-02 11:45:02, 41.60496520996094
2017-02-02 12:00:03, 41.77233123779297
2017-02-02 12:15:02, 41.52748107910156
2017-02-02 12:30:02, 41.69794464111328
2017-02-02 12:45:02, 41.65765380859375
2017-02-02 13:00:02, 41.47169494628906
2017-02-02 13:15:02, 41.4778938293457
2017-02-02 13:30:02, 41.45309829711914
2017-02-02 13:45:03, 41.42210388183594
2017-02-02 14:00:02, 40.94171142578125
2017-02-02 14:15:02, 40.72475814819336
2017-02-02 14:30:03, 41.307430267333984
2017-02-02 14:45:02, 40.29705047607422
2017-02-02 15:00:02, 40.35593795776367
2017-02-02 15:15:02, 41.3601188659668
2017-02-02 15:30:03, 40.39002990722656
2017-02-02 15:45:03, 39.68648147583008
2017-02-02 16:00:02, 39.4664306640625
2017-02-02 16:15:02, 39.110008239746094
2017-02-02 16:30:02, 40.064598083496094
2017-02-02 16:45:02, 40.4613151550293
2017-02-02 17:00:03, 38.88375473022461
2017-02-02 17:15:03, 39.373451232910156
2017-02-02 17:30:02, 39.416839599609375
2017-02-02 17:45:02, 39.345558166503906
2017-02-02 18:00:02, 39.95922088623047
2017-02-02 18:15:03, 39.84144592285156
2017-02-02 18:30:03, 40.498504638671875
2017-02-02 18:45:03, 40.842529296875
2017-02-02 19:00:03, 41.586368560791016
2017-02-02 19:15:02, 42.3859977722168
2017-02-02 19:30:03, 42.4727783203125
2017-02-02 19:45:02, 42.54096221923828
2017-02-02 20:00:02, 42.46967697143555
2017-02-02 20:15:02, 40.926212310791016
2017-02-02 20:30:03, 42.68353271484375
2017-02-02 20:45:03, 43.81788635253906
2017-02-02 21:00:02, 43.32819366455078
2017-02-02 21:15:03, 43.36538314819336
2017-02-02 21:30:02, 42.77031326293945
2017-02-02 21:45:02, 43.26930618286133
2017-02-02 22:00:02, 42.860191345214844
2017-02-02 22:15:03, 44.313777923583984
2017-02-02 22:30:02, 43.9759521484375
2017-02-02 22:45:02, 44.17430877685547
2017-02-02 23:00:03, 44.41295623779297
2017-02-02 23:15:02, 44.264190673828125
2017-02-02 23:30:03, 44.065834045410156
2017-02-02 23:45:02, 44.09062576293945
2017-02-03 00:00:02, 44.23319625854492
2017-02-03 00:15:02, 43.693912506103516
2017-02-03 00:30:03, 43.870574951171875
2017-02-03 00:45:03, 43.32819366455078
2017-02-03 01:00:03, 43.2848014831543
2017-02-03 01:15:02, 43.061649322509766
2017-02-03 01:30:03, 43.07404708862305
2017-02-03 01:45:02, 42.91598129272461
2017-02-03 02:00:02, 42.20623779296875
2017-02-03 02:15:03, 42.87569046020508
2017-02-03 02:30:03, 42.59675216674805
2017-02-03 02:45:03, 42.178340911865234
2017-02-03 03:00:03, 42.528564453125
2017-02-03 03:15:03, 42.144248962402344
2017-02-03 03:30:02, 42.373600006103516
2017-02-03 03:45:03, 41.79402542114258
2017-02-03 04:00:03, 41.592567443847656
2017-02-03 04:15:02, 41.868408203125
2017-02-03 04:30:03, 41.89320373535156
2017-02-03 04:45:02, 41.41590881347656
2017-02-03 05:00:03, 41.46549606323242
2017-02-03 05:15:02, 41.34462356567383
2017-02-03 05:30:02, 41.52748107910156
2017-02-03 05:45:02, 41.39731216430664
2017-02-03 06:00:03, 41.69174575805664
2017-02-03 06:15:02, 41.56157684326172
2017-02-03 06:30:02, 41.21134948730469
2017-02-03 06:45:02, 41.45929718017578
2017-02-03 07:00:03, 41.67625045776367
2017-02-03 07:15:03, 40.904518127441406
2017-02-03 07:30:03, 41.01919174194336
2017-02-03 07:45:02, 41.539878845214844
2017-02-03 08:00:03, 41.33222579956055
2017-02-03 08:15:03, 41.01609420776367
2017-02-03 08:30:02, 40.95410919189453
2017-02-03 08:45:03, 40.796043395996094
2017-02-03 09:00:02, 41.68244934082031
2017-02-03 09:15:03, 40.95720672607422
2017-02-03 09:30:02, 40.913814544677734
2017-02-03 09:45:03, 40.932411193847656
2017-02-03 10:00:02, 41.26094055175781
2017-02-03 10:15:03, 41.341522216796875
2017-02-03 10:30:02, 41.82191848754883
2017-02-03 10:45:02, 41.136966705322266
2017-02-03 11:00:02, 41.313629150390625
2017-02-03 11:15:03, 41.14006805419922
2017-02-03 11:30:02, 41.25164031982422
2017-02-03 11:45:02, 40.9696044921875
2017-02-03 12:00:03, 40.61008071899414
2017-02-03 12:15:02, 40.97890090942383
2017-02-03 12:30:02, 40.99129867553711
2017-02-03 12:45:02, 40.38383102416992
2017-02-03 13:00:02, 41.40040969848633
2017-02-03 13:15:02, 41.518184661865234
2017-02-03 13:30:03, 41.0563850402832
2017-02-03 13:45:02, 40.538795471191406
2017-02-03 14:00:02, 41.36322021484375
2017-02-03 14:15:03, 40.80533981323242
2017-02-03 14:30:02, 40.99749755859375
2017-02-03 14:45:02, 40.96340560913086
2017-02-03 15:00:02, 40.13588333129883
2017-02-03 15:15:03, 41.22994613647461
2017-02-03 15:30:03, 41.329124450683594
2017-02-03 15:45:02, 41.245445251464844
2017-02-03 16:00:02, 41.16486358642578
2017-02-03 16:15:03, 41.12767028808594
2017-02-03 16:30:03, 41.59566879272461
2017-02-03 16:45:02, 41.01299285888672
2017-02-03 17:00:02, 41.41900634765625
2017-02-03 17:15:02, 41.831214904785156
2017-02-03 17:30:02, 42.16594314575195
2017-02-03 17:45:03, 42.06056594848633
2017-02-03 18:00:02, 41.115272521972656
2017-02-03 18:15:03, 40.17927551269531
2017-02-03 18:30:03, 40.448917388916016
2017-02-03 18:45:03, 39.54701232910156
2017-02-03 19:00:03, 36.016876220703125
2017-02-03 19:15:03, 35.99208450317383
2017-02-03 19:30:03, 35.524085998535156
2017-02-03 19:45:03, 34.96620559692383
2017-02-03 20:00:02, 36.03547286987305
2017-02-03 20:15:02, 37.22871398925781
2017-02-03 20:30:03, 37.845481872558594
2017-02-03 20:45:02, 37.39917755126953
2017-02-03 21:00:02, 38.028343200683594
2017-02-03 21:15:02, 38.2576904296875
2017-02-03 21:30:03, 38.20810317993164
2017-02-03 21:45:03, 38.728790283203125
2017-02-03 22:00:02, 39.044921875
2017-02-03 22:15:03, 39.66478729248047
2017-02-03 22:30:03, 39.72367477416992
2017-02-03 22:45:02, 39.7608642578125
2017-02-03 23:00:02, 40.3094482421875
2017-02-03 23:15:03, 39.71127700805664
2017-02-03 23:30:02, 38.84656524658203
2017-02-03 23:45:03, 38.118221282958984
2017-02-04 00:00:02, 35.948692321777344
2017-02-04 00:15:02, 35.70694351196289
2017-02-04 00:30:02, 36.444583892822266
2017-02-04 00:45:02, 36.89708709716797
2017-02-04 01:00:02, 37.12643814086914
2017-02-04 01:15:02, 37.408477783203125
2017-02-04 01:30:03, 36.74522018432617
2017-02-04 01:45:02, 37.953956604003906
2017-02-04 02:00:02, 37.86407470703125
2017-02-04 02:15:02, 38.273189544677734
2017-02-04 02:30:03, 38.13372039794922
2017-02-04 02:45:03, 38.31657791137695
2017-02-04 03:00:02, 38.50873565673828
2017-02-04 03:15:02, 38.20500183105469
2017-02-04 03:30:03, 38.273189544677734
2017-02-04 03:45:03, 38.44675064086914
2017-02-04 04:00:03, 38.266990661621094
2017-02-04 04:15:03, 38.328975677490234
2017-02-04 04:30:02, 38.5924186706543
2017-02-04 04:45:02, 37.8671760559082
2017-02-04 05:00:03, 38.341373443603516
2017-02-04 05:15:02, 38.0748291015625
2017-02-04 05:30:03, 38.03144073486328
2017-02-04 05:45:03, 38.0500373840332
2017-02-04 06:00:02, 37.98805236816406
2017-02-04 06:15:02, 38.322776794433594
2017-02-04 06:30:03, 38.112022399902344
2017-02-04 06:45:02, 38.136817932128906
2017-02-04 07:00:03, 38.192604064941406
2017-02-04 07:15:03, 38.36616897583008
2017-02-04 07:30:03, 38.084129333496094
2017-02-04 07:45:03, 38.42505645751953
2017-02-04 08:00:02, 37.57583999633789
2017-02-04 08:15:02, 38.32587814331055
2017-02-04 08:30:03, 39.1317024230957
2017-02-04 08:45:03, 39.348655700683594
2017-02-04 09:00:02, 38.9178466796875
2017-02-04 09:15:03, 38.73188781738281
2017-02-04 09:30:03, 38.01904296875
2017-02-04 09:45:03, 38.8062744140625
2017-02-04 10:00:03, 38.87445831298828
2017-02-04 10:15:02, 39.34245681762695
2017-02-04 10:30:03, 38.871360778808594
2017-02-04 10:45:03, 39.09141159057617
2017-02-04 11:00:02, 39.22468185424805
2017-02-04 11:15:03, 39.87554168701172
2017-02-04 11:30:02, 41.67314910888672
2017-02-04 11:45:03, 41.679351806640625
2017-02-04 12:00:03, 41.62666320800781
2017-02-04 12:15:03, 41.22064971923828
2017-02-04 12:30:03, 38.744285583496094
2017-02-04 12:45:02, 28.067102432250977
2017-02-04 13:00:03, 28.14768409729004
2017-02-04 13:15:02, 27.797460556030273
2017-02-04 13:30:02, 29.62606430053711
2017-02-04 13:45:03, 29.632261276245117
2017-02-04 14:00:03, 29.604368209838867
2017-02-04 14:15:03, 29.046489715576172
2017-02-04 14:30:02, 30.183942794799805
2017-02-04 14:45:02, 31.708812713623047
2017-02-04 15:00:02, 31.33689308166504
2017-02-04 15:15:03, 31.876174926757812
2017-02-04 15:30:03, 31.061052322387695
2017-02-04 15:45:02, 32.66340637207031
2017-02-04 16:00:03, 34.93831253051758
2017-02-04 16:15:02, 35.21105194091797
2017-02-04 16:30:03, 36.39189529418945
2017-02-04 16:45:03, 37.829986572265625
2017-02-04 17:00:03, 38.511837005615234
2017-02-04 17:15:02, 38.92094802856445
2017-02-04 17:30:02, 38.973636627197266
2017-02-04 17:45:03, 36.432186126708984
2017-02-04 18:00:03, 35.806121826171875
2017-02-04 18:15:02, 35.316429138183594
2017-02-04 18:30:03, 36.51896667480469
2017-02-04 18:45:03, 37.030357360839844
2017-02-04 19:00:03, 36.37329864501953
2017-02-04 19:15:03, 37.458065032958984
2017-02-04 19:30:03, 37.293800354003906
2017-02-04 19:45:03, 37.709110260009766
2017-02-04 20:00:02, 37.647125244140625
2017-02-04 20:15:03, 39.345558166503906
2017-02-04 20:30:02, 39.9437255859375
2017-02-04 20:45:03, 41.375614166259766
2017-02-04 21:00:03, 38.084129333496094
2017-02-04 21:15:02, 36.77931213378906
2017-02-04 21:30:03, 35.38771438598633
2017-02-04 21:45:02, 35.63256072998047
2017-02-04 22:00:02, 34.442420959472656
2017-02-04 22:15:03, 33.887638092041016
2017-02-04 22:30:03, 33.97751998901367
2017-02-04 22:45:02, 34.16038131713867
2017-02-04 23:00:02, 34.69346618652344
2017-02-04 23:15:02, 34.014713287353516
2017-02-04 23:30:02, 34.06740188598633
2017-02-04 23:45:02, 33.710975646972656
2017-02-05 00:00:03, 33.63969421386719
2017-02-05 00:15:03, 33.61799621582031
2017-02-05 00:30:03, 33.630393981933594
2017-02-05 00:45:02, 33.7481689453125
2017-02-05 01:00:02, 34.59738540649414
2017-02-05 01:15:03, 35.8247184753418
2017-02-05 01:30:02, 37.157432556152344
2017-02-05 01:45:03, 37.26280975341797
2017-02-05 02:00:02, 34.94451141357422
2017-02-05 02:15:03, 36.029273986816406
2017-02-05 02:30:02, 35.7999267578125
2017-02-05 02:45:03, 35.83711624145508
2017-02-05 03:00:03, 36.28342056274414
2017-02-05 03:15:03, 35.82781982421875
2017-02-05 03:30:02, 36.49727249145508
2017-02-05 03:45:02, 36.3082160949707
2017-02-05 04:00:03, 36.33610916137695
2017-02-05 04:15:03, 36.444583892822266
2017-02-05 04:30:02, 36.54066467285156
2017-02-05 04:45:02, 36.44148635864258
2017-02-05 05:00:02, 36.029273986816406
2017-02-05 05:15:02, 36.67083740234375
2017-02-05 05:30:02, 36.444583892822266
2017-02-05 05:45:02, 36.89708709716797
2017-02-05 06:00:03, 36.466278076171875
2017-02-05 06:15:03, 36.80720520019531
2017-02-05 06:30:02, 36.90328598022461
2017-02-05 06:45:02, 36.68013381958008
2017-02-05 07:00:02, 37.083045959472656
2017-02-05 07:15:02, 37.04585266113281
2017-02-05 07:30:03, 36.80720520019531
2017-02-05 07:45:02, 37.027259826660156
2017-02-05 08:00:02, 36.99936294555664
2017-02-05 08:15:03, 37.12643814086914
2017-02-05 08:30:02, 37.10784149169922
2017-02-05 08:45:02, 37.16672897338867
2017-02-05 09:00:02, 37.349586486816406
2017-02-05 09:15:03, 37.042755126953125
2017-02-05 09:30:02, 37.52315139770508
2017-02-05 09:45:03, 37.070648193359375
2017-02-05 10:00:02, 36.80720520019531
2017-02-05 10:15:02, 36.599552154541016
2017-02-05 10:30:02, 37.05205154418945
2017-02-05 10:45:02, 37.110939025878906
2017-02-05 11:00:03, 36.8505973815918
2017-02-05 11:15:03, 37.31239700317383
2017-02-05 11:30:02, 37.969451904296875
2017-02-05 11:45:03, 39.18128967285156
2017-02-05 12:00:03, 40.33424377441406
2017-02-05 12:15:03, 41.27643585205078
2017-02-05 12:30:02, 41.666954040527344
2017-02-05 12:45:02, 42.26512145996094
2017-02-05 13:00:03, 41.89630126953125
2017-02-05 13:15:03, 40.219566345214844
2017-02-05 13:30:02, 39.798057556152344
2017-02-05 13:45:02, 38.989131927490234
2017-02-05 14:00:02, 37.718406677246094
