date, pressure
2017-01-07 16:00:04, 0
2017-01-07 16:15:03, 1020.57861328125
2017-01-07 16:30:03, 1020.59130859375
2017-01-07 16:45:03, 1020.603271484375
2017-01-07 17:00:03, 1020.679931640625
2017-01-07 17:15:03, 1020.5537109375
2017-01-07 17:30:02, 1020.579833984375
2017-01-07 17:45:02, 1020.683349609375
2017-01-07 18:00:02, 1020.729248046875
2017-01-07 18:15:03, 1020.741455078125
2017-01-07 18:30:03, 1020.836181640625
2017-01-07 18:45:02, 1020.903076171875
2017-01-07 19:00:03, 1020.976806640625
2017-01-07 19:15:02, 1020.870849609375
2017-01-07 19:30:02, 1020.736083984375
2017-01-07 19:45:02, 1020.7041015625
2017-01-07 20:00:03, 1020.74853515625
2017-01-07 20:15:02, 1020.71435546875
2017-01-07 20:30:02, 1020.816650390625
2017-01-07 20:45:02, 1020.957275390625
2017-01-07 21:00:03, 1021.0
2017-01-07 21:15:02, 1020.91259765625
2017-01-07 21:30:02, 1020.904296875
2017-01-07 21:45:02, 1020.929931640625
2017-01-07 22:00:03, 1020.84521484375
2017-01-07 22:15:03, 1020.736328125
2017-01-07 22:30:02, 1020.762939453125
2017-01-07 22:45:03, 1020.79541015625
2017-01-07 23:00:02, 1020.77197265625
2017-01-07 23:15:02, 1020.78955078125
2017-01-07 23:30:03, 1020.64892578125
2017-01-07 23:45:03, 1020.68359375
2017-01-08 00:00:03, 1020.60986328125
2017-01-08 00:15:03, 1020.58837890625
2017-01-08 00:30:02, 1020.540771484375
2017-01-08 00:45:03, 1020.484375
2017-01-08 01:00:02, 1020.48046875
2017-01-08 01:15:03, 1020.479248046875
2017-01-08 01:30:03, 1020.499755859375
2017-01-08 01:45:03, 1020.5283203125
2017-01-08 02:00:03, 1020.408935546875
2017-01-08 02:15:02, 1020.254638671875
2017-01-08 02:30:03, 1020.220947265625
2017-01-08 02:45:02, 1020.187744140625
2017-01-08 03:00:02, 1020.083740234375
2017-01-08 03:15:03, 1020.2412109375
2017-01-08 03:30:03, 1020.13720703125
2017-01-08 03:45:02, 1020.055908203125
2017-01-08 04:00:03, 1020.018798828125
2017-01-08 04:15:02, 1019.958984375
2017-01-08 04:30:03, 1019.95703125
2017-01-08 04:45:03, 1019.8798828125
2017-01-08 05:00:02, 1019.900634765625
2017-01-08 05:15:03, 1019.91796875
2017-01-08 05:30:02, 1019.89306640625
2017-01-08 05:45:03, 1019.914794921875
2017-01-08 06:00:03, 1019.974853515625
2017-01-08 06:15:03, 1019.99560546875
2017-01-08 06:30:03, 1020.021484375
2017-01-08 06:45:02, 1020.00830078125
2017-01-08 07:00:02, 1019.947998046875
2017-01-08 07:15:03, 1020.0400390625
2017-01-08 07:30:02, 1020.0673828125
2017-01-08 07:45:02, 1020.10595703125
2017-01-08 08:00:03, 1020.169921875
2017-01-08 08:15:02, 1020.286865234375
2017-01-08 08:30:03, 1020.287109375
2017-01-08 08:45:02, 1020.320556640625
2017-01-08 09:00:03, 1020.302978515625
2017-01-08 09:15:02, 1020.330810546875
2017-01-08 09:30:03, 1020.52783203125
2017-01-08 09:45:02, 1020.53564453125
2017-01-08 10:00:03, 1020.494873046875
2017-01-08 10:15:02, 1020.609375
2017-01-08 10:30:02, 1020.5966796875
2017-01-08 10:45:03, 1020.567138671875
2017-01-08 11:00:02, 1020.47412109375
2017-01-08 11:15:02, 1020.444091796875
2017-01-08 11:30:02, 1020.386474609375
2017-01-08 11:45:03, 1020.119873046875
2017-01-08 12:00:03, 1020.029052734375
2017-01-08 12:15:02, 1019.81005859375
2017-01-08 12:30:02, 1019.696533203125
2017-01-08 12:45:02, 1019.492431640625
2017-01-08 13:00:02, 1019.272705078125
2017-01-08 13:15:03, 1019.059814453125
2017-01-08 13:30:02, 1018.880859375
2017-01-08 13:45:02, 1018.656494140625
2017-01-08 14:00:02, 1018.46142578125
2017-01-08 14:15:02, 1018.564453125
2017-01-08 14:30:02, 1018.48291015625
2017-01-08 14:45:03, 1018.455078125
2017-01-08 15:00:02, 1018.368896484375
2017-01-08 15:15:02, 1018.3251953125
2017-01-08 15:30:03, 1018.18212890625
2017-01-08 15:45:03, 1017.928955078125
2017-01-08 16:00:03, 1017.87939453125
2017-01-08 16:15:02, 1017.6279296875
2017-01-08 16:30:03, 1017.7041015625
2017-01-08 16:45:02, 1017.5810546875
2017-01-08 17:00:03, 1017.55224609375
2017-01-08 17:15:03, 1017.287353515625
2017-01-08 17:30:02, 1017.1962890625
2017-01-08 17:45:02, 1017.304443359375
2017-01-08 18:00:03, 1017.27197265625
2017-01-08 18:15:02, 1017.141845703125
2017-01-08 18:30:03, 1016.960693359375
2017-01-08 18:45:03, 1017.05810546875
2017-01-08 19:00:02, 1016.98779296875
2017-01-08 19:15:03, 1016.830810546875
2017-01-08 19:30:03, 1016.52197265625
2017-01-08 19:45:03, 1016.234619140625
2017-01-08 20:00:03, 1015.954833984375
2017-01-08 20:15:02, 1015.497314453125
2017-01-08 20:30:02, 1015.26904296875
2017-01-08 20:45:02, 1015.161376953125
2017-01-08 21:00:03, 1014.780029296875
2017-01-08 21:15:02, 1014.60888671875
2017-01-08 21:30:03, 1014.354736328125
2017-01-08 21:45:02, 1014.03466796875
2017-01-08 22:00:03, 1013.592529296875
2017-01-08 22:15:02, 1013.219970703125
2017-01-08 22:30:02, 1012.95654296875
2017-01-08 22:45:03, 1012.62841796875
2017-01-08 23:00:02, 1012.84716796875
2017-01-08 23:15:02, 1012.41552734375
2017-01-08 23:30:03, 1011.564697265625
2017-01-08 23:45:02, 1011.198486328125
2017-01-09 00:00:02, 1010.7490234375
2017-01-09 00:15:03, 1010.541259765625
2017-01-09 00:30:02, 1010.130615234375
2017-01-09 00:45:03, 1009.91845703125
2017-01-09 01:00:03, 1009.264892578125
2017-01-09 01:15:03, 1008.655517578125
2017-01-09 01:30:02, 1007.98828125
2017-01-09 01:45:03, 1007.92333984375
2017-01-09 02:00:02, 1008.002197265625
2017-01-09 02:15:03, 1007.377685546875
2017-01-09 02:30:03, 1006.995849609375
2017-01-09 02:45:02, 1006.868896484375
2017-01-09 03:00:02, 1006.3271484375
2017-01-09 03:15:03, 1005.827392578125
2017-01-09 03:30:03, 1005.880126953125
2017-01-09 03:45:03, 1005.45751953125
2017-01-09 04:00:02, 1005.2861328125
2017-01-09 04:15:02, 1004.632568359375
2017-01-09 04:30:02, 1004.414306640625
2017-01-09 04:45:03, 1003.97412109375
2017-01-09 05:00:03, 1003.201416015625
2017-01-09 05:15:03, 1002.504638671875
2017-01-09 05:30:02, 1002.37548828125
2017-01-09 05:45:03, 1002.390625
2017-01-09 06:00:03, 1002.551025390625
2017-01-09 06:15:03, 1002.2392578125
2017-01-09 06:30:03, 1002.07666015625
2017-01-09 06:45:02, 1002.0595703125
2017-01-09 07:00:03, 1003.191650390625
2017-01-09 07:15:03, 1003.368408203125
2017-01-09 07:30:02, 1003.2998046875
2017-01-09 07:45:02, 1003.338134765625
2017-01-09 08:00:03, 1003.063720703125
2017-01-09 08:15:03, 1003.020751953125
2017-01-09 08:30:02, 1003.029296875
2017-01-09 08:45:03, 1003.123046875
2017-01-09 09:00:02, 1002.868408203125
2017-01-09 09:15:02, 1002.452392578125
2017-01-09 09:30:03, 1002.341552734375
2017-01-09 09:45:02, 1002.4228515625
2017-01-09 10:00:02, 1002.31787109375
2017-01-09 10:15:03, 1002.38427734375
2017-01-09 10:30:02, 1002.26220703125
2017-01-09 10:45:03, 1002.11376953125
2017-01-09 11:00:03, 1002.083740234375
2017-01-09 11:15:03, 1001.947021484375
2017-01-09 11:30:03, 1001.875244140625
2017-01-09 11:45:02, 1001.801513671875
2017-01-09 12:00:02, 1001.4873046875
2017-01-09 12:15:02, 1001.37109375
2017-01-09 12:30:03, 1001.184814453125
2017-01-09 12:45:02, 1000.941162109375
2017-01-09 13:00:03, 1000.710205078125
2017-01-09 13:15:02, 1001.0849609375
2017-01-09 13:30:03, 1000.8857421875
2017-01-09 13:45:03, 1000.159423828125
2017-01-09 14:00:03, 1000.17236328125
2017-01-09 14:15:03, 1000.453857421875
2017-01-09 14:30:02, 1000.265625
2017-01-09 14:45:02, 1000.46044921875
2017-01-09 15:00:02, 1000.146484375
2017-01-09 15:15:02, 1000.187744140625
2017-01-09 15:30:03, 1000.10498046875
2017-01-09 15:45:02, 999.819580078125
2017-01-09 16:00:02, 1000.1396484375
2017-01-09 16:15:02, 1000.0341796875
2017-01-09 16:30:03, 999.939697265625
2017-01-09 16:45:02, 999.86767578125
2017-01-09 17:00:02, 999.852783203125
2017-01-09 17:15:03, 999.736328125
2017-01-09 17:30:02, 999.6494140625
2017-01-09 17:45:02, 999.7646484375
2017-01-09 18:00:02, 999.61279296875
2017-01-09 18:15:02, 999.44140625
2017-01-09 18:30:03, 999.581298828125
2017-01-09 18:45:03, 999.472412109375
2017-01-09 19:00:03, 998.9658203125
2017-01-09 19:15:02, 998.89306640625
2017-01-09 19:30:02, 999.002685546875
2017-01-09 19:45:03, 998.858642578125
2017-01-09 20:00:03, 998.93896484375
2017-01-09 20:15:03, 998.73388671875
2017-01-09 20:30:02, 998.671875
2017-01-09 20:45:03, 998.794677734375
2017-01-09 21:00:02, 998.85791015625
2017-01-09 21:15:02, 998.68310546875
2017-01-09 21:30:03, 998.4453125
2017-01-09 21:45:03, 998.21875
2017-01-09 22:00:03, 998.023193359375
2017-01-09 22:15:02, 997.833251953125
2017-01-09 22:30:02, 997.9482421875
2017-01-09 22:45:03, 998.07861328125
2017-01-09 23:00:02, 997.63330078125
2017-01-09 23:15:02, 997.812744140625
2017-01-09 23:30:02, 997.951904296875
2017-01-09 23:45:02, 998.429931640625
2017-01-10 00:00:03, 998.625244140625
2017-01-10 00:15:02, 998.495361328125
2017-01-10 00:30:03, 998.958984375
2017-01-10 00:45:02, 998.83203125
2017-01-10 01:00:02, 999.108642578125
2017-01-10 01:15:03, 998.7841796875
2017-01-10 01:30:02, 998.59814453125
2017-01-10 01:45:02, 998.502685546875
2017-01-10 02:00:02, 998.813232421875
2017-01-10 02:15:03, 998.309814453125
2017-01-10 02:30:03, 998.341552734375
2017-01-10 02:45:03, 998.27734375
2017-01-10 03:00:02, 998.40625
2017-01-10 03:15:03, 998.331298828125
2017-01-10 03:30:02, 998.63427734375
2017-01-10 03:45:03, 998.67529296875
2017-01-10 04:00:02, 998.369140625
2017-01-10 04:15:03, 998.079833984375
2017-01-10 04:30:02, 997.97607421875
2017-01-10 04:45:03, 998.174072265625
2017-01-10 05:00:03, 999.06884765625
2017-01-10 05:15:03, 998.543701171875
2017-01-10 05:30:02, 999.042236328125
2017-01-10 05:45:03, 999.347412109375
2017-01-10 06:00:02, 999.53466796875
2017-01-10 06:15:02, 999.640625
2017-01-10 06:30:02, 999.87060546875
2017-01-10 06:45:03, 999.39111328125
2017-01-10 07:00:02, 999.553466796875
2017-01-10 07:15:03, 999.542236328125
2017-01-10 07:30:02, 999.5810546875
2017-01-10 07:45:03, 999.67822265625
2017-01-10 08:00:02, 999.765869140625
2017-01-10 08:15:02, 999.593994140625
2017-01-10 08:30:02, 999.721435546875
2017-01-10 08:45:02, 999.156982421875
2017-01-10 09:00:02, 999.198486328125
2017-01-10 09:15:03, 999.486572265625
2017-01-10 09:30:03, 999.646240234375
2017-01-10 09:45:02, 999.59716796875
2017-01-10 10:00:02, 999.56494140625
2017-01-10 10:15:02, 999.315185546875
2017-01-10 10:30:02, 998.9814453125
2017-01-10 10:45:03, 999.365966796875
2017-01-10 11:00:03, 999.041015625
2017-01-10 11:15:02, 999.148193359375
2017-01-10 11:30:03, 999.011474609375
2017-01-10 11:45:02, 998.680419921875
2017-01-10 12:00:02, 998.55078125
2017-01-10 12:15:03, 998.068359375
2017-01-10 12:30:02, 997.846923828125
2017-01-10 12:45:03, 997.572998046875
2017-01-10 13:00:02, 998.05322265625
2017-01-10 13:15:03, 997.95361328125
2017-01-10 13:30:03, 997.942626953125
2017-01-10 13:45:03, 997.688232421875
2017-01-10 14:00:03, 997.782470703125
2017-01-10 14:15:03, 997.986328125
2017-01-10 14:30:03, 998.240478515625
2017-01-10 14:45:02, 998.498779296875
2017-01-10 15:00:03, 998.515869140625
2017-01-10 15:15:03, 998.212890625
2017-01-10 15:30:03, 998.680908203125
2017-01-10 15:45:02, 998.898681640625
2017-01-10 16:00:02, 998.880615234375
2017-01-10 16:15:03, 998.723876953125
2017-01-10 16:30:03, 998.907470703125
2017-01-10 16:45:03, 999.287841796875
2017-01-10 17:00:03, 999.93310546875
2017-01-10 17:15:03, 999.829833984375
2017-01-10 17:30:03, 999.45849609375
2017-01-10 17:45:03, 999.166748046875
2017-01-10 18:00:03, 999.35009765625
2017-01-10 18:15:02, 999.631591796875
2017-01-10 18:30:03, 999.300048828125
2017-01-10 18:45:02, 999.128662109375
2017-01-10 19:00:03, 998.928466796875
2017-01-10 19:15:03, 998.873046875
2017-01-10 19:30:02, 998.58984375
2017-01-10 19:45:04, 0
2017-01-10 20:00:03, 999.05029296875
2017-01-10 20:15:03, 999.145751953125
2017-01-10 20:30:02, 998.6640625
2017-01-10 20:45:03, 998.276611328125
2017-01-10 21:00:02, 998.082763671875
2017-01-10 21:15:02, 997.994384765625
2017-01-10 21:30:03, 998.00927734375
2017-01-10 21:45:03, 998.274658203125
2017-01-10 22:00:02, 998.455810546875
2017-01-10 22:15:02, 998.421875
2017-01-10 22:30:02, 997.96484375
2017-01-10 22:45:03, 997.494140625
2017-01-10 23:00:02, 997.1171875
2017-01-10 23:15:02, 996.617431640625
2017-01-10 23:30:03, 996.279052734375
2017-01-10 23:45:03, 995.86962890625
2017-01-11 00:00:03, 996.420654296875
2017-01-11 00:15:03, 996.52392578125
2017-01-11 00:30:02, 995.87353515625
2017-01-11 00:45:03, 996.363525390625
2017-01-11 01:00:02, 996.465087890625
2017-01-11 01:15:03, 995.885009765625
2017-01-11 01:30:03, 996.292724609375
2017-01-11 01:45:03, 996.297607421875
2017-01-11 02:00:03, 996.5849609375
2017-01-11 02:15:02, 996.735595703125
2017-01-11 02:30:02, 996.52001953125
2017-01-11 02:45:02, 996.744873046875
2017-01-11 03:00:02, 996.788818359375
2017-01-11 03:15:02, 997.26513671875
2017-01-11 03:30:03, 997.172607421875
2017-01-11 03:45:03, 997.395751953125
2017-01-11 04:00:02, 997.542236328125
2017-01-11 04:15:03, 997.54296875
2017-01-11 04:30:03, 997.58984375
2017-01-11 04:45:02, 997.72216796875
2017-01-11 05:00:02, 997.72412109375
2017-01-11 05:15:02, 997.679443359375
2017-01-11 05:30:03, 997.61279296875
2017-01-11 05:45:03, 997.677734375
2017-01-11 06:00:03, 997.744140625
2017-01-11 06:15:03, 997.72705078125
2017-01-11 06:30:03, 997.94970703125
2017-01-11 06:45:03, 998.446044921875
2017-01-11 07:00:02, 998.73095703125
2017-01-11 07:15:02, 998.823486328125
2017-01-11 07:30:03, 999.131103515625
2017-01-11 07:45:02, 999.13623046875
2017-01-11 08:00:02, 999.312255859375
2017-01-11 08:15:03, 999.31103515625
2017-01-11 08:30:02, 999.3681640625
2017-01-11 08:45:03, 999.668701171875
2017-01-11 09:00:03, 999.603271484375
2017-01-11 09:15:02, 999.697509765625
2017-01-11 09:30:03, 1000.027587890625
2017-01-11 09:45:02, 1000.4326171875
2017-01-11 10:00:03, 1000.489501953125
2017-01-11 10:15:02, 1000.83984375
2017-01-11 10:30:02, 1001.041748046875
2017-01-11 10:45:02, 1001.465576171875
2017-01-11 11:00:02, 1001.771240234375
2017-01-11 11:15:02, 1001.766845703125
2017-01-11 11:30:02, 1001.924072265625
2017-01-11 11:45:03, 1002.040283203125
2017-01-11 12:00:02, 1002.132568359375
2017-01-11 12:15:02, 1002.260986328125
2017-01-11 12:30:03, 1002.223388671875
2017-01-11 12:45:03, 1001.92138671875
2017-01-11 13:00:02, 1001.765380859375
2017-01-11 13:15:03, 1002.047607421875
2017-01-11 13:30:03, 1001.724609375
2017-01-11 13:45:03, 1002.030517578125
2017-01-11 14:00:03, 1002.18603515625
2017-01-11 14:15:02, 1002.2099609375
2017-01-11 14:30:03, 1002.217041015625
2017-01-11 14:45:03, 1002.23828125
2017-01-11 15:00:02, 1002.332275390625
2017-01-11 15:15:03, 1002.3984375
2017-01-11 15:30:02, 1002.4765625
2017-01-11 15:45:03, 1002.697021484375
2017-01-11 16:00:02, 1002.651611328125
2017-01-11 16:15:02, 1002.8603515625
2017-01-11 16:30:02, 1002.716064453125
2017-01-11 16:45:03, 1002.62744140625
2017-01-11 17:00:03, 1002.662841796875
2017-01-11 17:15:03, 1002.74951171875
2017-01-11 17:30:03, 1002.559326171875
2017-01-11 17:45:02, 1002.452392578125
2017-01-11 18:00:02, 1002.4287109375
2017-01-11 18:15:03, 1002.248291015625
2017-01-11 18:30:03, 1002.41015625
2017-01-11 18:45:02, 1002.374755859375
2017-01-11 19:00:03, 1002.606201171875
2017-01-11 19:15:03, 1002.322021484375
2017-01-11 19:30:03, 1002.4677734375
2017-01-11 19:45:03, 1002.578857421875
2017-01-11 20:00:02, 1002.74951171875
2017-01-11 20:15:03, 1002.67626953125
2017-01-11 20:30:03, 1002.719482421875
2017-01-11 20:45:02, 1002.57861328125
2017-01-11 21:00:03, 1002.6259765625
2017-01-11 21:15:03, 1002.7548828125
2017-01-11 21:30:02, 1002.859130859375
2017-01-11 21:45:03, 1002.867919921875
2017-01-11 22:00:02, 1002.639892578125
2017-01-11 22:15:03, 1002.4873046875
2017-01-11 22:30:02, 1002.35546875
2017-01-11 22:45:02, 1002.103759765625
2017-01-11 23:00:03, 1001.968017578125
2017-01-11 23:15:02, 1001.906982421875
2017-01-11 23:30:02, 1001.648681640625
2017-01-11 23:45:03, 1001.596435546875
2017-01-12 00:00:03, 1001.608642578125
2017-01-12 00:15:03, 1001.32470703125
2017-01-12 00:30:02, 1001.128662109375
2017-01-12 00:45:02, 1000.935791015625
2017-01-12 01:00:02, 1000.77587890625
2017-01-12 01:15:02, 1000.4599609375
2017-01-12 01:30:03, 1000.19140625
2017-01-12 01:45:02, 1000.185302734375
2017-01-12 02:00:02, 999.775146484375
2017-01-12 02:15:02, 999.626708984375
2017-01-12 02:30:02, 999.646484375
2017-01-12 02:45:02, 999.55810546875
2017-01-12 03:00:03, 999.39697265625
2017-01-12 03:15:02, 999.264892578125
2017-01-12 03:30:03, 998.97216796875
2017-01-12 03:45:02, 998.596435546875
2017-01-12 04:00:03, 998.535400390625
2017-01-12 04:15:02, 998.277587890625
2017-01-12 04:30:02, 997.997802734375
2017-01-12 04:45:02, 997.653564453125
2017-01-12 05:00:03, 997.517333984375
2017-01-12 05:15:02, 997.253662109375
2017-01-12 05:30:03, 996.94140625
2017-01-12 05:45:02, 996.609619140625
2017-01-12 06:00:03, 996.406005859375
2017-01-12 06:15:02, 996.1416015625
2017-01-12 06:30:03, 995.9091796875
2017-01-12 06:45:02, 995.53271484375
2017-01-12 07:00:03, 995.255859375
2017-01-12 07:15:02, 995.110107421875
2017-01-12 07:30:03, 994.90771484375
2017-01-12 07:45:03, 994.645263671875
2017-01-12 08:00:03, 994.33984375
2017-01-12 08:15:03, 994.1513671875
2017-01-12 08:30:02, 994.17822265625
2017-01-12 08:45:03, 994.11181640625
2017-01-12 09:00:02, 994.020751953125
2017-01-12 09:15:03, 993.954345703125
2017-01-12 09:30:02, 993.869384765625
2017-01-12 09:45:02, 993.550048828125
2017-01-12 10:00:02, 993.46435546875
2017-01-12 10:15:02, 993.384521484375
2017-01-12 10:30:02, 993.205322265625
2017-01-12 10:45:02, 993.062744140625
2017-01-12 11:00:03, 992.92041015625
2017-01-12 11:15:02, 992.90087890625
2017-01-12 11:30:03, 992.506591796875
2017-01-12 11:45:03, 992.097412109375
2017-01-12 12:00:02, 991.97265625
2017-01-12 12:15:03, 991.8857421875
2017-01-12 12:30:03, 991.4150390625
2017-01-12 12:45:02, 991.096435546875
2017-01-12 13:00:02, 990.9423828125
2017-01-12 13:15:02, 990.904052734375
2017-01-12 13:30:03, 990.743896484375
2017-01-12 13:45:03, 990.350341796875
2017-01-12 14:00:02, 990.25830078125
2017-01-12 14:15:03, 990.0654296875
2017-01-12 14:30:03, 989.871337890625
2017-01-12 14:45:03, 989.829345703125
2017-01-12 15:00:02, 989.84375
2017-01-12 15:15:03, 989.751953125
2017-01-12 15:30:03, 989.70654296875
2017-01-12 15:45:03, 989.54052734375
2017-01-12 16:00:02, 989.728759765625
2017-01-12 16:15:02, 989.53955078125
2017-01-12 16:30:02, 989.251708984375
2017-01-12 16:45:02, 989.276123046875
2017-01-12 17:00:02, 988.993896484375
2017-01-12 17:15:02, 988.9658203125
2017-01-12 17:30:03, 988.704345703125
2017-01-12 17:45:03, 988.6533203125
2017-01-12 18:00:02, 989.07958984375
2017-01-12 18:15:03, 989.144287109375
2017-01-12 18:30:03, 988.87890625
2017-01-12 18:45:03, 988.797607421875
2017-01-12 19:00:02, 988.839111328125
2017-01-12 19:15:02, 988.231201171875
2017-01-12 19:30:03, 988.41748046875
2017-01-12 19:45:03, 988.158935546875
2017-01-12 20:00:03, 988.1552734375
2017-01-12 20:15:02, 988.476806640625
2017-01-12 20:30:03, 988.498046875
2017-01-12 20:45:02, 988.935791015625
2017-01-12 21:00:03, 989.58984375
2017-01-12 21:15:02, 990.453125
2017-01-12 21:30:03, 990.9951171875
2017-01-12 21:45:03, 991.79736328125
2017-01-12 22:00:02, 992.649658203125
2017-01-12 22:15:03, 993.12939453125
2017-01-12 22:30:03, 994.175048828125
2017-01-12 22:45:02, 994.837646484375
2017-01-12 23:00:02, 995.28662109375
2017-01-12 23:15:03, 995.51318359375
2017-01-12 23:30:02, 996.349853515625
2017-01-12 23:45:02, 996.76123046875
2017-01-13 00:00:02, 996.808837890625
2017-01-13 00:15:02, 996.94921875
2017-01-13 00:30:03, 996.81591796875
2017-01-13 00:45:02, 997.464599609375
2017-01-13 01:00:03, 997.76416015625
2017-01-13 01:15:02, 998.22509765625
2017-01-13 01:30:02, 998.6533203125
2017-01-13 01:45:03, 999.114990234375
2017-01-13 02:00:03, 999.230224609375
2017-01-13 02:15:02, 999.19970703125
2017-01-13 02:30:03, 998.982421875
2017-01-13 02:45:03, 999.353271484375
2017-01-13 03:00:02, 999.674072265625
2017-01-13 03:15:03, 999.873779296875
2017-01-13 03:30:03, 999.947021484375
2017-01-13 03:45:02, 1000.231689453125
2017-01-13 04:00:03, 1000.439208984375
2017-01-13 04:15:02, 1000.74609375
2017-01-13 04:30:03, 1000.90625
2017-01-13 04:45:02, 1000.9482421875
2017-01-13 05:00:02, 1000.951416015625
2017-01-13 05:15:03, 1001.26025390625
2017-01-13 05:30:03, 1001.640625
2017-01-13 05:45:02, 1001.52880859375
2017-01-13 06:00:03, 1001.908447265625
                                       2017-01-25 18:00:03, 0
2017-01-25 18:15:02, 1004.089599609375
2017-01-25 18:30:03, 1003.986328125
2017-01-25 18:45:02, 1004.016845703125
2017-01-25 19:00:02, 1004.095947265625
2017-01-25 19:15:03, 1004.098876953125
2017-01-25 19:30:02, 1004.08935546875
2017-01-25 19:45:02, 1004.153076171875
2017-01-25 20:00:03, 1004.215087890625
2017-01-25 20:15:02, 1003.97802734375
2017-01-25 20:30:03, 1003.97998046875
2017-01-25 20:45:03, 1003.82470703125
2017-01-25 21:00:02, 1003.922119140625
2017-01-25 21:15:03, 1003.97412109375
2017-01-25 21:30:02, 1003.8623046875
2017-01-25 21:45:02, 1003.7216796875
2017-01-25 22:00:03, 1003.615966796875
2017-01-25 22:15:03, 1003.54443359375
2017-01-25 22:30:02, 1003.5625
2017-01-25 22:45:02, 1003.471923828125
2017-01-25 23:00:02, 1003.37109375
2017-01-25 23:15:02, 1003.170654296875
2017-01-25 23:30:02, 1002.805419921875
2017-01-25 23:45:02, 1002.630859375
2017-01-26 00:00:02, 1002.592041015625
2017-01-26 00:15:02, 1002.44287109375
2017-01-26 00:30:03, 1002.226318359375
2017-01-26 00:45:02, 1002.017333984375
2017-01-26 01:00:02, 1001.91796875
2017-01-26 01:15:02, 1001.682861328125
2017-01-26 01:30:03, 1001.35693359375
2017-01-26 01:45:03, 1001.284912109375
2017-01-26 02:00:02, 1001.01171875
2017-01-26 02:15:03, 1000.90234375
2017-01-26 02:30:02, 1000.6826171875
2017-01-26 02:45:03, 1000.5673828125
2017-01-26 03:00:02, 1000.3427734375
2017-01-26 03:15:03, 1000.1064453125
2017-01-26 03:30:03, 1000.2197265625
2017-01-26 03:45:02, 1000.16650390625
2017-01-26 04:00:02, 999.948974609375
2017-01-26 04:15:02, 999.697021484375
2017-01-26 04:30:02, 999.6259765625
2017-01-26 04:45:02, 999.838134765625
2017-01-26 05:00:02, 999.52978515625
2017-01-26 05:15:02, 999.197998046875
2017-01-26 05:30:02, 999.440185546875
2017-01-26 05:45:02, 999.14404296875
2017-01-26 06:00:02, 998.797607421875
2017-01-26 06:15:02, 998.582275390625
2017-01-26 06:30:02, 998.1298828125
2017-01-26 06:45:02, 998.2080078125
2017-01-26 07:00:02, 998.1416015625
2017-01-26 07:15:02, 997.96337890625
2017-01-26 07:30:02, 998.048583984375
2017-01-26 07:45:02, 998.05615234375
2017-01-26 08:00:02, 998.12353515625
2017-01-26 08:15:02, 998.328369140625
2017-01-26 08:30:02, 998.07275390625
2017-01-26 08:45:02, 997.922607421875
2017-01-26 09:00:03, 997.8408203125
2017-01-26 09:15:03, 997.700927734375
2017-01-26 09:30:02, 997.838134765625
2017-01-26 09:45:03, 997.970703125
2017-01-26 10:00:02, 998.055419921875
2017-01-26 10:15:03, 997.868408203125
2017-01-26 10:30:02, 997.623779296875
2017-01-26 10:45:02, 997.52099609375
2017-01-26 11:00:02, 997.34423828125
2017-01-26 11:15:03, 997.195556640625
2017-01-26 11:30:02, 997.29052734375
2017-01-26 11:45:03, 997.137939453125
2017-01-26 12:00:02, 997.11474609375
2017-01-26 12:15:02, 997.0263671875
2017-01-26 12:30:02, 996.6865234375
2017-01-26 12:45:03, 996.30908203125
2017-01-26 13:00:02, 996.056396484375
2017-01-26 13:15:02, 995.842529296875
2017-01-26 13:30:03, 995.666259765625
2017-01-26 13:45:02, 995.700439453125
2017-01-26 14:00:02, 995.378662109375
2017-01-26 14:15:02, 995.1572265625
2017-01-26 14:30:02, 995.0283203125
2017-01-26 14:45:03, 994.752197265625
2017-01-26 15:00:03, 994.63427734375
2017-01-26 15:15:02, 994.777587890625
2017-01-26 15:30:03, 994.726806640625
2017-01-26 15:45:02, 994.8046875
2017-01-26 16:00:02, 994.600341796875
2017-01-26 16:15:02, 994.629638671875
2017-01-26 16:30:02, 994.68408203125
2017-01-26 16:45:02, 994.57275390625
2017-01-26 17:00:02, 994.707763671875
2017-01-26 17:15:02, 994.74072265625
2017-01-26 17:30:02, 994.812744140625
2017-01-26 17:45:02, 994.66162109375
2017-01-26 18:00:02, 994.522216796875
2017-01-26 18:15:02, 994.67041015625
2017-01-26 18:30:02, 994.705810546875
2017-01-26 18:45:02, 994.6162109375
2017-01-26 19:00:02, 994.669677734375
2017-01-26 19:15:02, 994.5693359375
2017-01-26 19:30:03, 994.52001953125
2017-01-26 19:45:03, 994.510009765625
2017-01-26 20:00:02, 994.481201171875
2017-01-26 20:15:02, 994.47021484375
2017-01-26 20:30:02, 994.671875
2017-01-26 20:45:03, 994.62451171875
2017-01-26 21:00:02, 994.599609375
2017-01-26 21:15:02, 994.716796875
2017-01-26 21:30:02, 994.644287109375
2017-01-26 21:45:03, 994.568115234375
2017-01-26 22:00:02, 994.458984375
2017-01-26 22:15:02, 994.380126953125
2017-01-26 22:30:02, 994.404296875
2017-01-26 22:45:02, 994.3212890625
2017-01-26 23:00:03, 994.252197265625
2017-01-26 23:15:02, 994.1357421875
2017-01-26 23:30:02, 993.989501953125
2017-01-26 23:45:02, 993.79052734375
2017-01-27 00:00:02, 993.588134765625
2017-01-27 00:15:02, 993.476318359375
2017-01-27 00:30:02, 993.416748046875
2017-01-27 00:45:02, 993.26806640625
2017-01-27 01:00:03, 993.177978515625
2017-01-27 01:15:02, 992.993896484375
2017-01-27 01:30:03, 992.921875
2017-01-27 01:45:03, 992.79150390625
2017-01-27 02:00:02, 992.7392578125
2017-01-27 02:15:02, 992.55908203125
2017-01-27 02:30:02, 992.51318359375
2017-01-27 02:45:02, 992.356689453125
2017-01-27 03:00:02, 992.02587890625
2017-01-27 03:15:02, 991.890625
2017-01-27 03:30:03, 991.92041015625
2017-01-27 03:45:02, 991.78271484375
2017-01-27 04:00:02, 991.466064453125
2017-01-27 04:15:02, 991.32275390625
2017-01-27 04:30:02, 991.1103515625
2017-01-27 04:45:02, 991.051513671875
2017-01-27 05:00:02, 991.005126953125
2017-01-27 05:15:03, 991.049072265625
2017-01-27 05:30:02, 991.084716796875
2017-01-27 05:45:02, 990.841064453125
2017-01-27 06:00:02, 990.833984375
2017-01-27 06:15:02, 990.8291015625
2017-01-27 06:30:02, 990.51806640625
2017-01-27 06:45:02, 990.297607421875
2017-01-27 07:00:03, 990.115966796875
2017-01-27 07:15:03, 990.159423828125
2017-01-27 07:30:02, 989.918212890625
2017-01-27 07:45:02, 990.068115234375
2017-01-27 08:00:02, 989.978515625
2017-01-27 08:15:02, 989.7275390625
2017-01-27 08:30:02, 989.980712890625
2017-01-27 08:45:02, 989.993408203125
2017-01-27 09:00:02, 989.83935546875
2017-01-27 09:15:03, 989.72802734375
2017-01-27 09:30:02, 989.731689453125
2017-01-27 09:45:02, 989.611572265625
2017-01-27 10:00:02, 989.9296875
2017-01-27 10:15:02, 990.2158203125
2017-01-27 10:30:03, 990.327880859375
2017-01-27 10:45:03, 990.512451171875
2017-01-27 11:00:02, 990.489501953125
2017-01-27 11:15:02, 990.33251953125
2017-01-27 11:30:03, 990.220458984375
2017-01-27 11:45:02, 990.077392578125
2017-01-27 12:00:02, 989.947509765625
2017-01-27 12:15:03, 989.77978515625
2017-01-27 12:30:03, 989.784423828125
2017-01-27 12:45:02, 989.79150390625
2017-01-27 13:00:02, 989.434814453125
2017-01-27 13:15:03, 989.317138671875
2017-01-27 13:30:03, 989.392333984375
2017-01-27 13:45:03, 989.30322265625
2017-01-27 14:00:03, 989.40478515625
2017-01-27 14:15:03, 989.545166015625
2017-01-27 14:30:02, 989.627685546875
2017-01-27 14:45:02, 989.649658203125
2017-01-27 15:00:02, 989.645263671875
2017-01-27 15:15:03, 989.782470703125
2017-01-27 15:30:02, 990.07568359375
2017-01-27 15:45:03, 990.1025390625
2017-01-27 16:00:02, 990.282470703125
2017-01-27 16:15:02, 990.55419921875
2017-01-27 16:30:02, 990.658447265625
2017-01-27 16:45:02, 990.817138671875
2017-01-27 17:00:02, 990.939453125
2017-01-27 17:15:02, 991.08642578125
2017-01-27 17:30:03, 991.293701171875
2017-01-27 17:45:03, 991.39794921875
2017-01-27 18:00:02, 991.387939453125
2017-01-27 18:15:03, 991.643310546875
2017-01-27 18:30:02, 991.779541015625
2017-01-27 18:45:02, 991.674072265625
2017-01-27 19:00:02, 991.817138671875
2017-01-27 19:15:02, 991.7646484375
2017-01-27 19:30:02, 992.0263671875
2017-01-27 19:45:03, 992.113037109375
2017-01-27 20:00:02, 992.2529296875
2017-01-27 20:15:02, 992.08203125
2017-01-27 20:30:02, 992.204833984375
2017-01-27 20:45:02, 992.366943359375
2017-01-27 21:00:02, 992.20947265625
2017-01-27 21:15:02, 992.291748046875
2017-01-27 21:30:02, 992.189453125
2017-01-27 21:45:03, 992.29052734375
2017-01-27 22:00:02, 992.138671875
2017-01-27 22:15:02, 992.3662109375
2017-01-27 22:30:03, 992.421630859375
2017-01-27 22:45:02, 992.447998046875
2017-01-27 23:00:03, 992.560791015625
2017-01-27 23:15:03, 992.58154296875
2017-01-27 23:30:03, 992.46044921875
2017-01-27 23:45:03, 992.384033203125
2017-01-28 00:00:02, 992.381591796875
2017-01-28 00:15:02, 992.3193359375
2017-01-28 00:30:02, 992.361328125
2017-01-28 00:45:02, 992.259033203125
2017-01-28 01:00:02, 992.22021484375
2017-01-28 01:15:03, 992.35009765625
2017-01-28 01:30:02, 992.170654296875
2017-01-28 01:45:02, 992.064453125
2017-01-28 02:00:03, 992.09033203125
2017-01-28 02:15:03, 992.24072265625
2017-01-28 02:30:03, 992.37744140625
2017-01-28 02:45:03, 992.301513671875
2017-01-28 03:00:02, 992.197509765625
2017-01-28 03:15:03, 992.156982421875
2017-01-28 03:30:03, 992.161865234375
2017-01-28 03:45:03, 992.25048828125
2017-01-28 04:00:02, 992.223388671875
2017-01-28 04:15:02, 992.3359375
2017-01-28 04:30:03, 992.450927734375
2017-01-28 04:45:02, 992.5498046875
2017-01-28 05:00:02, 992.50048828125
2017-01-28 05:15:02, 992.48974609375
2017-01-28 05:30:02, 992.5078125
2017-01-28 05:45:02, 992.58056640625
2017-01-28 06:00:03, 992.60595703125
2017-01-28 06:15:02, 992.780029296875
2017-01-28 06:30:02, 992.794677734375
2017-01-28 06:45:03, 992.979736328125
2017-01-28 07:00:02, 993.177978515625
2017-01-28 07:15:02, 993.33154296875
2017-01-28 07:30:03, 993.575439453125
2017-01-28 07:45:02, 993.693603515625
2017-01-28 08:00:02, 993.730712890625
2017-01-28 08:15:03, 993.815185546875
2017-01-28 08:30:03, 993.940185546875
2017-01-28 08:45:02, 994.13818359375
2017-01-28 09:00:02, 994.278564453125
2017-01-28 09:15:03, 994.4404296875
2017-01-28 09:30:02, 994.4775390625
2017-01-28 09:45:02, 994.4716796875
2017-01-28 10:00:03, 994.530029296875
2017-01-28 10:15:02, 994.730712890625
2017-01-28 10:30:02, 994.986328125
2017-01-28 10:45:03, 995.017578125
2017-01-28 11:00:02, 995.180419921875
2017-01-28 11:15:03, 995.31396484375
2017-01-28 11:30:03, 995.36376953125
2017-01-28 11:45:03, 995.438720703125
2017-01-28 12:00:03, 995.4677734375
2017-01-28 12:15:03, 995.453857421875
2017-01-28 12:30:02, 995.543701171875
2017-01-28 12:45:02, 995.6240234375
2017-01-28 13:00:03, 995.416259765625
2017-01-28 13:15:03, 995.738037109375
2017-01-28 13:30:02, 995.68798828125
2017-01-28 13:45:03, 995.71044921875
2017-01-28 14:00:02, 995.672607421875
2017-01-28 14:15:02, 995.58740234375
2017-01-28 14:30:03, 995.7880859375
2017-01-28 14:45:02, 995.788330078125
2017-01-28 15:00:02, 995.78955078125
2017-01-28 15:15:02, 995.914794921875
2017-01-28 15:30:03, 995.88671875
2017-01-28 15:45:03, 995.98828125
2017-01-28 16:00:03, 996.05322265625
2017-01-28 16:15:02, 996.102783203125
2017-01-28 16:30:03, 996.30517578125
2017-01-28 16:45:02, 996.199951171875
2017-01-28 17:00:02, 996.2158203125
2017-01-28 17:15:03, 996.261962890625
2017-01-28 17:30:02, 996.3759765625
2017-01-28 17:45:02, 996.49609375
2017-01-28 18:00:02, 996.57421875
2017-01-28 18:15:02, 996.5791015625
2017-01-28 18:30:03, 996.679443359375
2017-01-28 18:45:02, 996.74609375
2017-01-28 19:00:04, 996.655029296875
2017-01-28 19:15:02, 996.56298828125
2017-01-28 19:30:02, 996.5
2017-01-28 19:45:02, 996.70556640625
2017-01-28 20:00:03, 996.802490234375
2017-01-28 20:15:03, 996.851318359375
2017-01-28 20:30:02, 996.89892578125
2017-01-28 20:45:03, 996.8505859375
2017-01-28 21:00:02, 996.96484375
2017-01-28 21:15:03, 997.10595703125
2017-01-28 21:30:02, 997.129638671875
2017-01-28 21:45:03, 997.139404296875
2017-01-28 22:00:03, 997.196533203125
2017-01-28 22:15:03, 997.248779296875
2017-01-28 22:30:02, 997.3232421875
2017-01-28 22:45:03, 997.34814453125
2017-01-28 23:00:02, 997.403076171875
2017-01-28 23:15:02, 997.388671875
2017-01-28 23:30:02, 997.54052734375
2017-01-28 23:45:03, 997.67236328125
2017-01-29 00:00:03, 997.85888671875
2017-01-29 00:15:02, 997.870849609375
2017-01-29 00:30:03, 997.834228515625
2017-01-29 00:45:03, 997.665283203125
2017-01-29 01:00:02, 997.645263671875
2017-01-29 01:15:03, 997.519775390625
2017-01-29 01:30:02, 997.431884765625
2017-01-29 01:45:03, 997.516845703125
2017-01-29 02:00:02, 997.393798828125
2017-01-29 02:15:03, 997.58203125
2017-01-29 02:30:03, 997.736328125
2017-01-29 02:45:03, 997.77490234375
2017-01-29 03:00:02, 997.8671875
2017-01-29 03:15:02, 997.8828125
2017-01-29 03:30:03, 997.853759765625
2017-01-29 03:45:03, 997.778076171875
2017-01-29 04:00:03, 997.828125
2017-01-29 04:15:02, 997.790771484375
2017-01-29 04:30:02, 997.828857421875
2017-01-29 04:45:03, 997.735107421875
2017-01-29 05:00:02, 997.697021484375
2017-01-29 05:15:02, 997.71923828125
2017-01-29 05:30:03, 997.662109375
2017-01-29 05:45:03, 997.47998046875
2017-01-29 06:00:03, 997.379638671875
2017-01-29 06:15:02, 997.395263671875
2017-01-29 06:30:02, 997.327880859375
2017-01-29 06:45:02, 997.121826171875
2017-01-29 07:00:03, 997.2333984375
2017-01-29 07:15:03, 997.08837890625
2017-01-29 07:30:02, 996.944580078125
2017-01-29 07:45:02, 997.024658203125
2017-01-29 08:00:02, 996.84521484375
2017-01-29 08:15:03, 996.69580078125
2017-01-29 08:30:03, 996.549072265625
2017-01-29 08:45:03, 996.34375
2017-01-29 09:00:02, 996.3427734375
2017-01-29 09:15:02, 996.24560546875
2017-01-29 09:30:03, 996.158203125
2017-01-29 09:45:02, 996.064453125
2017-01-29 10:00:03, 995.98388671875
2017-01-29 10:15:02, 995.813232421875
2017-01-29 10:30:02, 995.754638671875
2017-01-29 10:45:02, 995.742919921875
2017-01-29 11:00:03, 995.419677734375
2017-01-29 11:15:03, 995.27490234375
2017-01-29 11:30:03, 995.14794921875
2017-01-29 11:45:03, 995.025146484375
2017-01-29 12:00:02, 994.86572265625
2017-01-29 12:15:03, 994.73388671875
2017-01-29 12:30:03, 994.657470703125
2017-01-29 12:45:03, 994.44873046875
2017-01-29 13:00:02, 994.16552734375
2017-01-29 13:15:03, 994.07666015625
2017-01-29 13:30:03, 993.83349609375
2017-01-29 13:45:02, 993.6884765625
2017-01-29 14:00:03, 993.605224609375
2017-01-29 14:15:02, 993.44921875
2017-01-29 14:30:03, 993.385986328125
2017-01-29 14:45:03, 993.38623046875
2017-01-29 15:00:02, 993.27392578125
2017-01-29 15:15:02, 993.16650390625
2017-01-29 15:30:02, 993.0888671875
2017-01-29 15:45:03, 992.918701171875
2017-01-29 16:00:02, 992.94580078125
2017-01-29 16:15:03, 993.004638671875
2017-01-29 16:30:02, 993.005859375
2017-01-29 16:45:02, 993.046875
2017-01-29 17:00:03, 992.9462890625
2017-01-29 17:15:03, 992.874267578125
2017-01-29 17:30:03, 993.126708984375
2017-01-29 17:45:02, 993.17041015625
2017-01-29 18:00:03, 993.03271484375
2017-01-29 18:15:03, 993.170654296875
2017-01-29 18:30:03, 993.342529296875
2017-01-29 18:45:02, 993.416015625
2017-01-29 19:00:03, 993.398681640625
2017-01-29 19:15:02, 993.522216796875
2017-01-29 19:30:03, 993.494873046875
2017-01-29 19:45:02, 993.774658203125
2017-01-29 20:00:02, 993.802978515625
2017-01-29 20:15:03, 994.046630859375
2017-01-29 20:30:03, 993.9794921875
2017-01-29 20:45:03, 994.122314453125
2017-01-29 21:00:03, 994.2080078125
2017-01-29 21:15:02, 994.413818359375
2017-01-29 21:30:02, 994.56591796875
2017-01-29 21:45:03, 994.3759765625
2017-01-29 22:00:02, 994.5
2017-01-29 22:15:03, 994.498291015625
2017-01-29 22:30:03, 994.540771484375
2017-01-29 22:45:02, 994.739013671875
2017-01-29 23:00:03, 994.878173828125
2017-01-29 23:15:03, 995.206298828125
2017-01-29 23:30:02, 995.458740234375
2017-01-29 23:45:02, 995.629150390625
2017-01-30 00:00:03, 995.54296875
2017-01-30 00:15:03, 995.6328125
2017-01-30 00:30:02, 995.433349609375
2017-01-30 00:45:02, 995.519775390625
2017-01-30 01:00:03, 995.353515625
2017-01-30 01:15:02, 995.361572265625
2017-01-30 01:30:03, 995.240234375
2017-01-30 01:45:02, 994.91845703125
2017-01-30 02:00:02, 994.9716796875
2017-01-30 02:15:02, 994.90380859375
2017-01-30 02:30:02, 994.843994140625
2017-01-30 02:45:02, 994.901123046875
2017-01-30 03:00:03, 994.80859375
2017-01-30 03:15:02, 994.90966796875
2017-01-30 03:30:03, 994.962158203125
2017-01-30 03:45:03, 995.181884765625
2017-01-30 04:00:03, 995.36962890625
2017-01-30 04:15:02, 995.6640625
2017-01-30 04:30:03, 995.5732421875
2017-01-30 04:45:02, 995.565185546875
2017-01-30 05:00:03, 995.457275390625
2017-01-30 05:15:03, 995.62646484375
2017-01-30 05:30:02, 995.523681640625
2017-01-30 05:45:02, 995.5634765625
2017-01-30 06:00:02, 995.301513671875
2017-01-30 06:15:02, 995.42041015625
2017-01-30 06:30:02, 995.1484375
2017-01-30 06:45:02, 994.999755859375
2017-01-30 07:00:02, 994.702392578125
2017-01-30 07:15:03, 994.614990234375
2017-01-30 07:30:03, 994.588134765625
2017-01-30 07:45:02, 994.78759765625
2017-01-30 08:00:03, 994.715576171875
2017-01-30 08:15:03, 994.847412109375
2017-01-30 08:30:03, 994.649169921875
2017-01-30 08:45:03, 994.8291015625
2017-01-30 09:00:03, 994.71826171875
2017-01-30 09:15:03, 994.89697265625
2017-01-30 09:30:02, 994.94140625
2017-01-30 09:45:02, 994.870361328125
2017-01-30 10:00:02, 994.9658203125
2017-01-30 10:15:03, 994.869873046875
2017-01-30 10:30:03, 994.765625
2017-01-30 10:45:02, 994.837158203125
2017-01-30 11:00:02, 994.485107421875
2017-01-30 11:15:03, 994.28173828125
2017-01-30 11:30:03, 994.066162109375
2017-01-30 11:45:02, 993.830078125
2017-01-30 12:00:02, 993.927490234375
2017-01-30 12:15:03, 993.795654296875
2017-01-30 12:30:02, 993.27734375
2017-01-30 12:45:02, 992.893310546875
2017-01-30 13:00:02, 992.608154296875
2017-01-30 13:15:03, 992.35205078125
2017-01-30 13:30:02, 992.504150390625
2017-01-30 13:45:02, 992.466064453125
2017-01-30 14:00:02, 992.04931640625
2017-01-30 14:15:02, 991.90185546875
2017-01-30 14:30:03, 991.754638671875
2017-01-30 14:45:02, 991.7568359375
2017-01-30 15:00:02, 991.709716796875
2017-01-30 15:15:02, 991.421630859375
2017-01-30 15:30:03, 991.341552734375
2017-01-30 15:45:02, 990.833251953125
2017-01-30 16:00:03, 991.06298828125
2017-01-30 16:15:02, 991.328125
2017-01-30 16:30:02, 991.19482421875
2017-01-30 16:45:03, 990.911865234375
2017-01-30 17:00:03, 990.966064453125
2017-01-30 17:15:02, 990.900390625
2017-01-30 17:30:02, 991.206298828125
2017-01-30 17:45:02, 991.18212890625
2017-01-30 18:00:03, 991.360107421875
2017-01-30 18:15:02, 991.362060546875
2017-01-30 18:30:02, 991.5419921875
2017-01-30 18:45:03, 991.300537109375
2017-01-30 19:00:02, 991.504150390625
2017-01-30 19:15:02, 991.553466796875
2017-01-30 19:30:03, 991.51513671875
2017-01-30 19:45:03, 991.60302734375
2017-01-30 20:00:03, 991.619873046875
2017-01-30 20:15:03, 991.751220703125
2017-01-30 20:30:02, 991.069580078125
2017-01-30 20:45:03, 990.963134765625
2017-01-30 21:00:02, 990.892822265625
2017-01-30 21:15:02, 991.076416015625
2017-01-30 21:30:03, 990.87255859375
2017-01-30 21:45:03, 990.625732421875
2017-01-30 22:00:02, 990.594970703125
2017-01-30 22:15:03, 990.539306640625
2017-01-30 22:30:02, 990.423828125
2017-01-30 22:45:03, 990.35498046875
2017-01-30 23:00:02, 990.503173828125
2017-01-30 23:15:02, 990.483154296875
2017-01-30 23:30:02, 990.334716796875
2017-01-30 23:45:03, 990.423095703125
2017-01-31 00:00:03, 990.749755859375
2017-01-31 00:15:02, 990.7861328125
2017-01-31 00:30:02, 990.88525390625
2017-01-31 00:45:03, 990.55810546875
2017-01-31 01:00:02, 990.30224609375
2017-01-31 01:15:03, 990.39453125
2017-01-31 01:30:03, 990.38671875
2017-01-31 01:45:03, 990.302001953125
2017-01-31 02:00:03, 990.33154296875
2017-01-31 02:15:03, 990.169189453125
2017-01-31 02:30:03, 990.25927734375
2017-01-31 02:45:03, 990.35302734375
2017-01-31 03:00:03, 990.463134765625
2017-01-31 03:15:03, 990.204345703125
2017-01-31 03:30:02, 990.26123046875
2017-01-31 03:45:02, 990.10009765625
2017-01-31 04:00:02, 990.180908203125
2017-01-31 04:15:03, 990.04052734375
2017-01-31 04:30:03, 990.088134765625
2017-01-31 04:45:02, 989.9228515625
2017-01-31 05:00:02, 989.987060546875
2017-01-31 05:15:03, 989.841552734375
2017-01-31 05:30:03, 989.65478515625
2017-01-31 05:45:03, 989.887451171875
2017-01-31 06:00:03, 990.385986328125
2017-01-31 06:15:02, 990.57373046875
2017-01-31 06:30:02, 990.673828125
2017-01-31 06:45:02, 990.786376953125
2017-01-31 07:00:02, 990.7919921875
2017-01-31 07:15:03, 990.916748046875
2017-01-31 07:30:02, 991.02734375
2017-01-31 07:45:02, 991.407958984375
2017-01-31 08:00:02, 991.51904296875
2017-01-31 08:15:02, 991.674072265625
2017-01-31 08:30:02, 991.729736328125
2017-01-31 08:45:03, 991.793701171875
2017-01-31 09:00:03, 992.09814453125
2017-01-31 09:15:03, 992.322265625
2017-01-31 09:30:02, 992.57861328125
2017-01-31 09:45:02, 992.688720703125
2017-01-31 10:00:02, 992.709228515625
2017-01-31 10:15:02, 992.79345703125
2017-01-31 10:30:02, 993.119384765625
2017-01-31 10:45:02, 993.215087890625
2017-01-31 11:00:02, 993.525390625
2017-01-31 11:15:03, 993.6611328125
2017-01-31 11:30:02, 993.736083984375
2017-01-31 11:45:02, 993.673828125
2017-01-31 12:00:03, 993.5419921875
2017-01-31 12:15:03, 993.72802734375
2017-01-31 12:30:03, 993.76806640625
2017-01-31 12:45:02, 993.7998046875
2017-01-31 13:00:02, 993.9560546875
2017-01-31 13:15:03, 994.202392578125
2017-01-31 13:30:02, 994.454345703125
2017-01-31 13:45:02, 994.64501953125
2017-01-31 14:00:02, 994.66796875
2017-01-31 14:15:02, 994.6015625
2017-01-31 14:30:02, 994.56787109375
2017-01-31 14:45:02, 994.607177734375
2017-01-31 15:00:02, 994.402587890625
2017-01-31 15:15:02, 994.599609375
2017-01-31 15:30:02, 994.676025390625
2017-01-31 15:45:03, 994.814208984375
2017-01-31 16:00:02, 995.029296875
2017-01-31 16:15:02, 995.07177734375
2017-01-31 16:30:02, 995.0771484375
2017-01-31 16:45:03, 995.057373046875
2017-01-31 17:00:02, 995.25927734375
2017-01-31 17:15:02, 995.3876953125
2017-01-31 17:30:02, 995.511474609375
2017-01-31 17:45:03, 995.6279296875
2017-01-31 18:00:02, 995.631103515625
2017-01-31 18:15:03, 995.786376953125
2017-01-31 18:30:02, 995.792236328125
2017-01-31 18:45:03, 995.753662109375
2017-01-31 19:00:03, 995.763671875
2017-01-31 19:15:03, 995.6357421875
2017-01-31 19:30:02, 995.56005859375
2017-01-31 19:45:02, 995.565185546875
2017-01-31 20:00:03, 995.451171875
2017-01-31 20:15:02, 995.492919921875
2017-01-31 20:30:03, 995.354248046875
2017-01-31 20:45:03, 995.280029296875
2017-01-31 21:00:02, 995.33203125
2017-01-31 21:15:03, 995.2880859375
2017-01-31 21:30:03, 995.178466796875
2017-01-31 21:45:03, 995.079345703125
2017-01-31 22:00:02, 994.975341796875
2017-01-31 22:15:02, 994.7314453125
2017-01-31 22:30:02, 994.853515625
2017-01-31 22:45:02, 994.8193359375
2017-01-31 23:00:02, 994.629638671875
2017-01-31 23:15:03, 994.642333984375
2017-01-31 23:30:02, 994.563720703125
2017-01-31 23:45:02, 994.43359375
2017-02-01 00:00:03, 994.50390625
2017-02-01 00:15:02, 994.3818359375
2017-02-01 00:30:02, 994.38232421875
2017-02-01 00:45:02, 994.472412109375
2017-02-01 01:00:03, 994.3603515625
2017-02-01 01:15:02, 994.377197265625
2017-02-01 01:30:02, 994.287109375
2017-02-01 01:45:02, 994.188720703125
2017-02-01 02:00:03, 994.19091796875
2017-02-01 02:15:03, 994.0048828125
2017-02-01 02:30:03, 993.91455078125
2017-02-01 02:45:03, 993.888916015625
2017-02-01 03:00:02, 993.58544921875
2017-02-01 03:15:02, 993.30859375
2017-02-01 03:30:03, 993.1005859375
2017-02-01 03:45:02, 992.763671875
2017-02-01 04:00:03, 992.438720703125
2017-02-01 04:15:03, 992.14697265625
2017-02-01 04:30:03, 992.0263671875
2017-02-01 04:45:03, 991.89306640625
2017-02-01 05:00:03, 991.60498046875
2017-02-01 05:15:02, 991.60791015625
2017-02-01 05:30:03, 991.606689453125
2017-02-01 05:45:03, 991.135009765625
2017-02-01 06:00:02, 990.937744140625
2017-02-01 06:15:02, 990.823974609375
2017-02-01 06:30:03, 990.64501953125
2017-02-01 06:45:03, 990.715576171875
2017-02-01 07:00:02, 990.477783203125
2017-02-01 07:15:03, 990.21728515625
2017-02-01 07:30:03, 989.981689453125
2017-02-01 07:45:02, 989.849609375
2017-02-01 08:00:03, 989.30712890625
2017-02-01 08:15:02, 989.02490234375
2017-02-01 08:30:03, 988.932861328125
2017-02-01 08:45:03, 988.921875
2017-02-01 09:00:03, 988.68017578125
2017-02-01 09:15:03, 988.443115234375
2017-02-01 09:30:03, 987.8583984375
2017-02-01 09:45:03, 987.520263671875
2017-02-01 10:00:02, 987.322265625
2017-02-01 10:15:03, 987.259521484375
2017-02-01 10:30:03, 987.1728515625
2017-02-01 10:45:02, 986.696044921875
2017-02-01 11:00:02, 986.5380859375
2017-02-01 11:15:02, 986.28662109375
2017-02-01 11:30:03, 986.077880859375
2017-02-01 11:45:03, 985.835205078125
2017-02-01 12:00:03, 985.337646484375
2017-02-01 12:15:02, 984.93017578125
2017-02-01 12:30:03, 984.1748046875
2017-02-01 12:45:03, 984.17333984375
2017-02-01 13:00:03, 983.72509765625
2017-02-01 13:15:03, 983.29736328125
2017-02-01 13:30:03, 982.76318359375
2017-02-01 13:45:03, 982.3310546875
2017-02-01 14:00:03, 981.856689453125
2017-02-01 14:15:03, 982.017578125
2017-02-01 14:30:03, 981.605712890625
2017-02-01 14:45:03, 980.99267578125
2017-02-01 15:00:03, 980.693115234375
2017-02-01 15:15:02, 980.4755859375
2017-02-01 15:30:03, 980.326904296875
2017-02-01 15:45:02, 980.2353515625
2017-02-01 16:00:03, 980.06494140625
2017-02-01 16:15:03, 979.938720703125
2017-02-01 16:30:03, 979.7451171875
2017-02-01 16:45:02, 979.671630859375
2017-02-01 17:00:02, 979.711669921875
2017-02-01 17:15:03, 979.81396484375
2017-02-01 17:30:03, 979.788818359375
2017-02-01 17:45:03, 979.868896484375
2017-02-01 18:00:03, 979.91748046875
2017-02-01 18:15:03, 980.012451171875
2017-02-01 18:30:02, 980.123291015625
2017-02-01 18:45:02, 980.240478515625
2017-02-01 19:00:02, 979.91015625
2017-02-01 19:15:03, 980.0107421875
2017-02-01 19:30:02, 979.6982421875
2017-02-01 19:45:03, 979.653076171875
2017-02-01 20:00:02, 979.8681640625
2017-02-01 20:15:02, 979.934326171875
2017-02-01 20:30:02, 979.932373046875
2017-02-01 20:45:03, 980.0771484375
2017-02-01 21:00:03, 980.123046875
2017-02-01 21:15:03, 980.203857421875
2017-02-01 21:30:02, 980.06201171875
2017-02-01 21:45:03, 979.912841796875
2017-02-01 22:00:02, 979.630126953125
2017-02-01 22:15:02, 979.068115234375
2017-02-01 22:30:02, 978.95751953125
2017-02-01 22:45:03, 978.54248046875
2017-02-01 23:00:02, 978.3779296875
2017-02-01 23:15:03, 978.09423828125
2017-02-01 23:30:02, 978.0498046875
2017-02-01 23:45:03, 977.555908203125
2017-02-02 00:00:02, 977.28564453125
2017-02-02 00:15:03, 976.9521484375
2017-02-02 00:30:02, 976.36572265625
2017-02-02 00:45:02, 976.11474609375
2017-02-02 01:00:03, 975.85400390625
2017-02-02 01:15:02, 975.614013671875
2017-02-02 01:30:03, 975.40185546875
2017-02-02 01:45:02, 975.286865234375
2017-02-02 02:00:02, 975.033447265625
2017-02-02 02:15:02, 974.920166015625
2017-02-02 02:30:03, 974.736083984375
2017-02-02 02:45:03, 974.322509765625
2017-02-02 03:00:03, 974.09130859375
2017-02-02 03:15:02, 973.71826171875
2017-02-02 03:30:03, 973.422607421875
2017-02-02 03:45:02, 973.12158203125
2017-02-02 04:00:02, 972.838134765625
2017-02-02 04:15:02, 972.640625
2017-02-02 04:30:03, 972.440185546875
2017-02-02 04:45:03, 972.20947265625
2017-02-02 05:00:02, 971.78369140625
2017-02-02 05:15:02, 971.14599609375
2017-02-02 05:30:02, 970.98193359375
2017-02-02 05:45:03, 970.655517578125
2017-02-02 06:00:02, 970.410400390625
2017-02-02 06:15:02, 970.128662109375
2017-02-02 06:30:02, 969.793701171875
2017-02-02 06:45:03, 969.588134765625
2017-02-02 07:00:03, 969.67822265625
2017-02-02 07:15:02, 969.265380859375
2017-02-02 07:30:02, 969.233642578125
2017-02-02 07:45:03, 969.18359375
2017-02-02 08:00:03, 969.201416015625
2017-02-02 08:15:03, 969.0751953125
2017-02-02 08:30:02, 969.03369140625
2017-02-02 08:45:02, 968.838623046875
2017-02-02 09:00:02, 968.609130859375
2017-02-02 09:15:02, 968.13916015625
2017-02-02 09:30:03, 968.00927734375
2017-02-02 09:45:03, 968.272705078125
2017-02-02 10:00:02, 968.341552734375
2017-02-02 10:15:03, 968.74560546875
2017-02-02 10:30:02, 968.405517578125
2017-02-02 10:45:03, 968.208251953125
2017-02-02 11:00:02, 968.01416015625
2017-02-02 11:15:03, 967.678955078125
2017-02-02 11:30:03, 967.582275390625
2017-02-02 11:45:02, 967.14697265625
2017-02-02 12:00:03, 966.940673828125
2017-02-02 12:15:02, 966.692138671875
2017-02-02 12:30:02, 966.7314453125
2017-02-02 12:45:02, 966.43701171875
2017-02-02 13:00:02, 965.880859375
2017-02-02 13:15:02, 965.745849609375
2017-02-02 13:30:02, 964.96875
2017-02-02 13:45:03, 964.64599609375
2017-02-02 14:00:02, 964.291015625
2017-02-02 14:15:02, 963.984619140625
2017-02-02 14:30:03, 963.2783203125
2017-02-02 14:45:02, 962.9248046875
2017-02-02 15:00:02, 962.538818359375
2017-02-02 15:15:02, 961.681640625
2017-02-02 15:30:03, 961.742919921875
2017-02-02 15:45:03, 961.578857421875
2017-02-02 16:00:02, 961.33447265625
2017-02-02 16:15:02, 961.157958984375
2017-02-02 16:30:02, 961.201416015625
2017-02-02 16:45:02, 960.999755859375
2017-02-02 17:00:03, 961.035400390625
2017-02-02 17:15:03, 961.061767578125
2017-02-02 17:30:02, 961.4033203125
2017-02-02 17:45:02, 962.00732421875
2017-02-02 18:00:02, 962.379150390625
2017-02-02 18:15:03, 962.40380859375
2017-02-02 18:30:03, 962.415771484375
2017-02-02 18:45:03, 962.622314453125
2017-02-02 19:00:03, 962.616455078125
2017-02-02 19:15:02, 962.644287109375
2017-02-02 19:30:03, 962.740966796875
2017-02-02 19:45:02, 962.62451171875
2017-02-02 20:00:02, 962.87353515625
2017-02-02 20:15:02, 963.081298828125
2017-02-02 20:30:03, 963.127685546875
2017-02-02 20:45:03, 963.298095703125
2017-02-02 21:00:02, 963.680419921875
2017-02-02 21:15:03, 963.77978515625
2017-02-02 21:30:02, 963.841064453125
2017-02-02 21:45:02, 964.24267578125
2017-02-02 22:00:02, 964.53173828125
2017-02-02 22:15:03, 964.899169921875
2017-02-02 22:30:02, 965.2314453125
2017-02-02 22:45:02, 965.781982421875
2017-02-02 23:00:03, 966.436767578125
2017-02-02 23:15:02, 967.027587890625
2017-02-02 23:30:03, 967.669921875
2017-02-02 23:45:02, 968.112060546875
2017-02-03 00:00:02, 968.598388671875
2017-02-03 00:15:02, 969.285888671875
2017-02-03 00:30:03, 969.625244140625
2017-02-03 00:45:03, 969.85986328125
2017-02-03 01:00:03, 970.44482421875
2017-02-03 01:15:02, 970.87890625
2017-02-03 01:30:03, 970.942626953125
2017-02-03 01:45:02, 971.119140625
2017-02-03 02:00:02, 971.344970703125
2017-02-03 02:15:03, 971.443359375
2017-02-03 02:30:03, 971.67529296875
2017-02-03 02:45:03, 971.926025390625
2017-02-03 03:00:03, 972.10888671875
2017-02-03 03:15:03, 972.34521484375
2017-02-03 03:30:02, 972.646240234375
2017-02-03 03:45:03, 972.546142578125
2017-02-03 04:00:03, 972.972900390625
2017-02-03 04:15:02, 973.044189453125
2017-02-03 04:30:03, 972.824462890625
2017-02-03 04:45:02, 973.23974609375
2017-02-03 05:00:03, 973.85498046875
2017-02-03 05:15:02, 974.05712890625
2017-02-03 05:30:02, 974.338623046875
2017-02-03 05:45:02, 974.96533203125
2017-02-03 06:00:03, 975.01171875
2017-02-03 06:15:02, 975.302490234375
2017-02-03 06:30:02, 975.549072265625
2017-02-03 06:45:02, 975.755859375
2017-02-03 07:00:03, 976.067138671875
2017-02-03 07:15:03, 976.094482421875
2017-02-03 07:30:03, 976.15185546875
2017-02-03 07:45:02, 976.292236328125
2017-02-03 08:00:03, 976.30126953125
2017-02-03 08:15:03, 976.503173828125
2017-02-03 08:30:02, 976.5419921875
2017-02-03 08:45:03, 976.767822265625
2017-02-03 09:00:02, 976.695556640625
2017-02-03 09:15:03, 976.7763671875
2017-02-03 09:30:02, 977.032958984375
2017-02-03 09:45:03, 977.34619140625
2017-02-03 10:00:02, 977.43603515625
2017-02-03 10:15:03, 977.65234375
2017-02-03 10:30:02, 977.714111328125
2017-02-03 10:45:02, 977.789306640625
2017-02-03 11:00:02, 977.77197265625
2017-02-03 11:15:03, 977.70849609375
2017-02-03 11:30:02, 977.616943359375
2017-02-03 11:45:02, 977.607177734375
2017-02-03 12:00:03, 977.63720703125
2017-02-03 12:15:02, 977.5498046875
2017-02-03 12:30:02, 977.312744140625
2017-02-03 12:45:02, 977.089599609375
2017-02-03 13:00:02, 976.9638671875
2017-02-03 13:15:02, 976.88232421875
2017-02-03 13:30:03, 976.679443359375
2017-02-03 13:45:02, 976.575439453125
2017-02-03 14:00:02, 976.48876953125
2017-02-03 14:15:03, 976.380126953125
2017-02-03 14:30:02, 976.313720703125
2017-02-03 14:45:02, 976.16943359375
2017-02-03 15:00:02, 976.20361328125
2017-02-03 15:15:03, 976.2392578125
2017-02-03 15:30:03, 976.290771484375
2017-02-03 15:45:02, 976.240966796875
2017-02-03 16:00:02, 976.183349609375
2017-02-03 16:15:03, 976.090576171875
2017-02-03 16:30:03, 976.072021484375
2017-02-03 16:45:02, 975.9619140625
2017-02-03 17:00:02, 975.874267578125
2017-02-03 17:15:02, 975.8076171875
2017-02-03 17:30:02, 975.587158203125
2017-02-03 17:45:03, 975.592041015625
2017-02-03 18:00:02, 975.504638671875
2017-02-03 18:15:03, 975.630859375
2017-02-03 18:30:03, 975.52734375
2017-02-03 18:45:03, 975.571533203125
2017-02-03 19:00:03, 975.669189453125
2017-02-03 19:15:03, 975.83154296875
2017-02-03 19:30:03, 975.938232421875
2017-02-03 19:45:03, 975.9267578125
2017-02-03 20:00:02, 976.004150390625
2017-02-03 20:15:02, 976.0068359375
2017-02-03 20:30:03, 975.97998046875
2017-02-03 20:45:02, 976.067138671875
2017-02-03 21:00:02, 976.251708984375
2017-02-03 21:15:02, 976.0263671875
2017-02-03 21:30:03, 976.0107421875
2017-02-03 21:45:03, 976.10498046875
2017-02-03 22:00:02, 976.011962890625
2017-02-03 22:15:03, 976.228271484375
2017-02-03 22:30:03, 976.27099609375
2017-02-03 22:45:02, 976.28173828125
2017-02-03 23:00:02, 976.314697265625
2017-02-03 23:15:03, 976.497802734375
2017-02-03 23:30:02, 976.537841796875
2017-02-03 23:45:03, 976.74755859375
2017-02-04 00:00:02, 976.77978515625
2017-02-04 00:15:02, 976.959716796875
2017-02-04 00:30:02, 977.05908203125
2017-02-04 00:45:02, 977.066162109375
2017-02-04 01:00:02, 977.159912109375
2017-02-04 01:15:02, 977.298095703125
2017-02-04 01:30:03, 977.515869140625
2017-02-04 01:45:02, 977.677978515625
2017-02-04 02:00:02, 977.729736328125
2017-02-04 02:15:02, 977.76904296875
2017-02-04 02:30:03, 977.75341796875
2017-02-04 02:45:03, 977.9521484375
2017-02-04 03:00:02, 978.115478515625
2017-02-04 03:15:02, 978.169189453125
2017-02-04 03:30:03, 978.03125
2017-02-04 03:45:03, 977.91455078125
2017-02-04 04:00:03, 978.023681640625
2017-02-04 04:15:03, 978.2783203125
2017-02-04 04:30:02, 978.470947265625
2017-02-04 04:45:02, 978.57958984375
2017-02-04 05:00:03, 978.716552734375
2017-02-04 05:15:02, 978.80615234375
2017-02-04 05:30:03, 978.839111328125
2017-02-04 05:45:03, 978.9150390625
2017-02-04 06:00:02, 979.280517578125
2017-02-04 06:15:02, 979.5205078125
2017-02-04 06:30:03, 979.681396484375
2017-02-04 06:45:02, 979.814697265625
2017-02-04 07:00:03, 979.990966796875
2017-02-04 07:15:03, 980.102294921875
2017-02-04 07:30:03, 980.23779296875
2017-02-04 07:45:03, 980.333251953125
2017-02-04 08:00:02, 980.33740234375
2017-02-04 08:15:02, 980.73193359375
2017-02-04 08:30:03, 981.015625
2017-02-04 08:45:03, 981.220947265625
2017-02-04 09:00:02, 981.359619140625
2017-02-04 09:15:03, 981.378173828125
2017-02-04 09:30:03, 981.355712890625
2017-02-04 09:45:03, 981.27783203125
2017-02-04 10:00:03, 981.416748046875
2017-02-04 10:15:02, 981.4853515625
2017-02-04 10:30:03, 981.577880859375
2017-02-04 10:45:03, 981.650146484375
2017-02-04 11:00:02, 981.48779296875
2017-02-04 11:15:03, 981.34619140625
2017-02-04 11:30:02, 981.468017578125
2017-02-04 11:45:03, 981.386962890625
2017-02-04 12:00:03, 981.5419921875
2017-02-04 12:15:03, 981.42919921875
2017-02-04 12:30:03, 981.308349609375
2017-02-04 12:45:02, 981.39404296875
2017-02-04 13:00:03, 981.12744140625
2017-02-04 13:15:02, 980.9677734375
2017-02-04 13:30:02, 981.21923828125
2017-02-04 13:45:03, 981.1845703125
2017-02-04 14:00:03, 981.046142578125
2017-02-04 14:15:03, 981.063232421875
2017-02-04 14:30:02, 981.03662109375
2017-02-04 14:45:02, 980.693359375
2017-02-04 15:00:02, 980.768310546875
2017-02-04 15:15:03, 980.71484375
2017-02-04 15:30:03, 980.785400390625
2017-02-04 15:45:02, 980.56689453125
2017-02-04 16:00:03, 980.6572265625
2017-02-04 16:15:02, 980.6806640625
2017-02-04 16:30:03, 980.64599609375
2017-02-04 16:45:03, 980.6240234375
2017-02-04 17:00:03, 980.6494140625
2017-02-04 17:15:02, 980.687744140625
2017-02-04 17:30:02, 980.84130859375
2017-02-04 17:45:03, 981.0087890625
2017-02-04 18:00:03, 981.156982421875
2017-02-04 18:15:02, 981.25537109375
2017-02-04 18:30:03, 981.495361328125
2017-02-04 18:45:03, 981.443115234375
2017-02-04 19:00:03, 981.657470703125
2017-02-04 19:15:03, 981.643310546875
2017-02-04 19:30:03, 981.685546875
2017-02-04 19:45:03, 981.690673828125
2017-02-04 20:00:02, 981.590087890625
2017-02-04 20:15:03, 981.454345703125
2017-02-04 20:30:02, 981.533935546875
2017-02-04 20:45:03, 981.754638671875
2017-02-04 21:00:03, 981.6923828125
2017-02-04 21:15:02, 981.89404296875
2017-02-04 21:30:03, 982.103759765625
2017-02-04 21:45:02, 982.239501953125
2017-02-04 22:00:02, 982.3125
2017-02-04 22:15:03, 982.193359375
2017-02-04 22:30:03, 982.30712890625
2017-02-04 22:45:02, 982.338623046875
2017-02-04 23:00:02, 982.4326171875
2017-02-04 23:15:02, 982.2890625
2017-02-04 23:30:02, 982.395263671875
2017-02-04 23:45:02, 982.575927734375
2017-02-05 00:00:03, 982.795166015625
2017-02-05 00:15:03, 982.8486328125
2017-02-05 00:30:03, 982.9794921875
2017-02-05 00:45:02, 983.195556640625
2017-02-05 01:00:02, 983.323974609375
2017-02-05 01:15:03, 983.429931640625
2017-02-05 01:30:02, 983.48876953125
2017-02-05 01:45:03, 983.656494140625
2017-02-05 02:00:02, 984.03271484375
2017-02-05 02:15:03, 984.290771484375
2017-02-05 02:30:02, 984.37841796875
2017-02-05 02:45:03, 984.37890625
2017-02-05 03:00:03, 984.71044921875
2017-02-05 03:15:03, 984.762451171875
2017-02-05 03:30:02, 984.83447265625
2017-02-05 03:45:02, 985.02734375
2017-02-05 04:00:03, 985.16796875
2017-02-05 04:15:03, 985.31298828125
2017-02-05 04:30:02, 985.533935546875
2017-02-05 04:45:02, 985.689453125
2017-02-05 05:00:02, 985.714111328125
2017-02-05 05:15:02, 986.055908203125
2017-02-05 05:30:02, 986.11865234375
2017-02-05 05:45:02, 986.277587890625
2017-02-05 06:00:03, 986.554443359375
2017-02-05 06:15:03, 986.834228515625
2017-02-05 06:30:02, 987.134033203125
2017-02-05 06:45:02, 987.457763671875
2017-02-05 07:00:02, 987.68798828125
2017-02-05 07:15:02, 987.890625
2017-02-05 07:30:03, 988.208251953125
2017-02-05 07:45:02, 988.520263671875
2017-02-05 08:00:02, 988.99658203125
2017-02-05 08:15:03, 989.3701171875
2017-02-05 08:30:02, 989.59521484375
2017-02-05 08:45:02, 989.6552734375
2017-02-05 09:00:02, 989.904296875
2017-02-05 09:15:03, 990.24951171875
2017-02-05 09:30:02, 990.467041015625
2017-02-05 09:45:03, 990.73876953125
2017-02-05 10:00:02, 991.001953125
2017-02-05 10:15:02, 991.309326171875
2017-02-05 10:30:02, 991.5732421875
2017-02-05 10:45:02, 991.892822265625
2017-02-05 11:00:03, 992.135498046875
2017-02-05 11:15:03, 992.349609375
2017-02-05 11:30:02, 992.507080078125
2017-02-05 11:45:03, 992.689697265625
2017-02-05 12:00:03, 993.025146484375
2017-02-05 12:15:03, 993.31103515625
2017-02-05 12:30:02, 993.569580078125
2017-02-05 12:45:02, 993.857421875
2017-02-05 13:00:03, 993.980224609375
2017-02-05 13:15:03, 994.122314453125
2017-02-05 13:30:02, 994.322021484375
2017-02-05 13:45:02, 994.226318359375
2017-02-05 14:00:02, 994.27197265625
