date, temperature, cpu temperature
2017-01-07 16:00:04, 32.554542541503906, 44.4
2017-01-07 16:15:03, 33.49227523803711, 46.0
2017-01-07 16:30:03, 32.95905303955078, 44.9
2017-01-07 16:45:03, 32.95905303955078, 44.9
2017-01-07 17:00:03, 33.03260040283203, 46.5
2017-01-07 17:15:03, 33.17969512939453, 46.0
2017-01-07 17:30:02, 33.32678985595703, 46.0
2017-01-07 17:45:02, 33.6209831237793, 46.5
2017-01-07 18:00:02, 33.73130416870117, 45.5
2017-01-07 18:15:03, 33.7680778503418, 46.5
2017-01-07 18:30:03, 33.529048919677734, 46.0
2017-01-07 18:45:02, 33.363563537597656, 46.5
2017-01-07 19:00:03, 33.529048919677734, 46.5
2017-01-07 19:15:02, 33.80485153198242, 46.0
2017-01-07 19:30:02, 33.69453048706055, 46.5
2017-01-07 19:45:02, 33.676143646240234, 46.5
2017-01-07 20:00:03, 33.345176696777344, 46.5
2017-01-07 20:15:02, 33.32678985595703, 45.5
2017-01-07 20:30:02, 33.4738883972168, 45.5
2017-01-07 20:45:02, 33.38195037841797, 46.5
2017-01-07 21:00:03, 33.4738883972168, 46.5
2017-01-07 21:15:02, 33.69453048706055, 46.5
2017-01-07 21:30:02, 33.32678985595703, 46.5
2017-01-07 21:45:02, 33.418724060058594, 46.5
2017-01-07 22:00:03, 33.65775680541992, 46.5
2017-01-07 22:15:03, 33.56582260131836, 46.5
2017-01-07 22:30:02, 33.455501556396484, 46.5
2017-01-07 22:45:03, 33.49227523803711, 47.1
2017-01-07 23:00:02, 33.216468811035156, 44.4
2017-01-07 23:15:02, 32.49938201904297, 43.3
2017-01-07 23:30:03, 32.49938201904297, 42.8
2017-01-07 23:45:03, 32.42583465576172, 42.8
2017-01-08 00:00:03, 32.039710998535156, 42.8
2017-01-08 00:15:03, 31.966161727905273, 42.8
2017-01-08 00:30:02, 31.782291412353516, 42.8
2017-01-08 00:45:03, 31.67197036743164, 42.8
2017-01-08 01:00:02, 32.241966247558594, 42.2
2017-01-08 01:15:03, 31.782291412353516, 42.8
2017-01-08 01:30:03, 31.432941436767578, 42.2
2017-01-08 01:45:03, 31.341007232666016, 42.2
2017-01-08 02:00:03, 31.45132827758789, 41.2
2017-01-08 02:15:02, 31.37778091430664, 42.2
2017-01-08 02:30:03, 31.52487564086914, 41.7
2017-01-08 02:45:02, 31.488101959228516, 41.7
2017-01-08 03:00:02, 31.065204620361328, 41.7
2017-01-08 03:15:03, 31.175525665283203, 41.2
2017-01-08 03:30:03, 31.028430938720703, 41.2
2017-01-08 03:45:02, 30.973270416259766, 42.2
2017-01-08 04:00:03, 31.01004409790039, 41.7
2017-01-08 04:15:02, 31.028430938720703, 41.2
2017-01-08 04:30:03, 31.08359146118164, 41.7
2017-01-08 04:45:03, 30.991657257080078, 41.7
2017-01-08 05:00:02, 31.01004409790039, 41.2
2017-01-08 05:15:03, 31.046817779541016, 41.2
2017-01-08 05:30:02, 30.973270416259766, 41.2
2017-01-08 05:45:03, 31.138751983642578, 41.7
2017-01-08 06:00:03, 30.899721145629883, 41.2
2017-01-08 06:15:03, 31.37778091430664, 41.2
2017-01-08 06:30:03, 31.359394073486328, 41.7
2017-01-08 06:45:02, 31.432941436767578, 42.2
2017-01-08 07:00:02, 31.028430938720703, 41.2
2017-01-08 07:15:03, 30.991657257080078, 41.2
2017-01-08 07:30:02, 31.138751983642578, 41.2
2017-01-08 07:45:02, 31.028430938720703, 41.2
2017-01-08 08:00:03, 31.45132827758789, 41.2
2017-01-08 08:15:02, 31.322620391845703, 41.7
2017-01-08 08:30:03, 31.065204620361328, 41.2
2017-01-08 08:45:02, 30.954883575439453, 41.2
2017-01-08 09:00:03, 31.23068618774414, 41.2
2017-01-08 09:15:02, 30.844560623168945, 41.2
2017-01-08 09:30:03, 31.01004409790039, 41.2
2017-01-08 09:45:02, 30.973270416259766, 41.2
2017-01-08 10:00:03, 31.101978302001953, 41.7
2017-01-08 10:15:02, 30.93649673461914, 41.2
2017-01-08 10:30:02, 30.844560623168945, 41.2
2017-01-08 10:45:03, 30.587142944335938, 40.1
2017-01-08 11:00:02, 30.403274536132812, 39.5
2017-01-08 11:15:02, 30.771013259887695, 42.2
2017-01-08 11:30:02, 31.690357208251953, 42.2
2017-01-08 11:45:03, 32.241966247558594, 43.3
2017-01-08 12:00:03, 32.42583465576172, 44.4
2017-01-08 12:15:02, 32.44422149658203, 44.4
2017-01-08 12:30:02, 32.66486358642578, 44.4
2017-01-08 12:45:02, 32.922279357910156, 44.4
2017-01-08 13:00:02, 32.81195831298828, 44.4
2017-01-08 13:15:03, 32.94066619873047, 44.4
2017-01-08 13:30:02, 32.95905303955078, 41.7
2017-01-08 13:45:02, 32.66486358642578, 41.7
2017-01-08 14:00:02, 33.142921447753906, 42.2
2017-01-08 14:15:02, 32.73841094970703, 41.2
2017-01-08 14:30:02, 32.462608337402344, 41.7
2017-01-08 14:45:03, 32.37067413330078, 41.2
2017-01-08 15:00:02, 32.00293731689453, 40.6
2017-01-08 15:15:02, 32.021324157714844, 41.2
2017-01-08 15:30:03, 31.892614364624023, 40.6
2017-01-08 15:45:03, 31.782291412353516, 40.1
2017-01-08 16:00:03, 31.59842300415039, 40.6
2017-01-08 16:15:02, 31.52487564086914, 40.1
2017-01-08 16:30:03, 31.635196685791016, 40.1
2017-01-08 16:45:02, 31.37778091430664, 40.1
2017-01-08 17:00:03, 31.396167755126953, 40.1
2017-01-08 17:15:03, 33.529048919677734, 51.9
2017-01-08 17:30:02, 33.823238372802734, 51.4
2017-01-08 17:45:02, 33.71291732788086, 51.9
2017-01-08 18:00:03, 33.418724060058594, 53.5
2017-01-08 18:15:02, 31.87422752380371, 44.4
2017-01-08 18:30:03, 32.05809783935547, 44.9
2017-01-08 18:45:03, 32.59131622314453, 45.5
2017-01-08 19:00:02, 32.701637268066406, 45.5
2017-01-08 19:15:03, 32.88550567626953, 45.5
2017-01-08 19:30:03, 33.01421356201172, 46.0
2017-01-08 19:45:03, 32.95905303955078, 46.5
2017-01-08 20:00:03, 33.38195037841797, 47.1
2017-01-08 20:15:02, 33.16130828857422, 46.5
2017-01-08 20:30:02, 33.198081970214844, 46.5
2017-01-08 20:45:02, 33.30840301513672, 46.5
2017-01-08 21:00:03, 33.49227523803711, 46.5
2017-01-08 21:15:02, 33.198081970214844, 43.9
2017-01-08 21:30:03, 33.050987243652344, 43.3
2017-01-08 21:45:02, 32.683250427246094, 43.3
2017-01-08 22:00:03, 32.480995178222656, 43.3
2017-01-08 22:15:02, 32.35228729248047, 43.3
2017-01-08 22:30:02, 32.241966247558594, 42.2
2017-01-08 22:45:03, 32.13164520263672, 42.2
2017-01-08 23:00:02, 32.15003204345703, 42.8
2017-01-08 23:15:02, 32.094871520996094, 42.2
2017-01-08 23:30:03, 32.094871520996094, 42.2
2017-01-08 23:45:02, 31.837451934814453, 41.7
2017-01-09 00:00:02, 31.488101959228516, 41.7
2017-01-09 00:15:03, 31.396167755126953, 42.2
2017-01-09 00:30:02, 31.506488800048828, 41.2
2017-01-09 00:45:03, 31.763904571533203, 42.2
2017-01-09 01:00:03, 31.81906509399414, 41.7
2017-01-09 01:15:03, 31.837451934814453, 42.2
2017-01-09 01:30:02, 31.782291412353516, 41.7
2017-01-09 01:45:03, 31.67197036743164, 41.2
2017-01-09 02:00:02, 31.74551773071289, 41.2
2017-01-09 02:15:03, 31.727130889892578, 41.2
2017-01-09 02:30:03, 31.580036163330078, 42.2
2017-01-09 02:45:02, 31.432941436767578, 41.2
2017-01-09 03:00:02, 31.30423355102539, 41.7
2017-01-09 03:15:03, 31.37778091430664, 41.2
2017-01-09 03:30:03, 31.15713882446289, 41.2
2017-01-09 03:45:03, 31.322620391845703, 41.7
2017-01-09 04:00:02, 31.396167755126953, 41.2
2017-01-09 04:15:02, 31.120365142822266, 41.2
2017-01-09 04:30:02, 31.359394073486328, 41.2
2017-01-09 04:45:03, 31.341007232666016, 41.2
2017-01-09 05:00:03, 31.322620391845703, 41.2
2017-01-09 05:15:03, 31.193912506103516, 41.2
2017-01-09 05:30:02, 31.046817779541016, 41.2
2017-01-09 05:45:03, 31.37778091430664, 41.2
2017-01-09 06:00:03, 31.249073028564453, 41.2
2017-01-09 06:15:03, 31.23068618774414, 41.2
2017-01-09 06:30:03, 31.193912506103516, 41.2
2017-01-09 06:45:02, 31.23068618774414, 41.7
2017-01-09 07:00:03, 31.212299346923828, 40.6
2017-01-09 07:15:03, 31.175525665283203, 41.2
2017-01-09 07:30:02, 31.175525665283203, 40.1
2017-01-09 07:45:02, 30.973270416259766, 41.2
2017-01-09 08:00:03, 31.101978302001953, 41.2
2017-01-09 08:15:03, 31.028430938720703, 40.1
2017-01-09 08:30:02, 30.991657257080078, 40.6
2017-01-09 08:45:03, 31.01004409790039, 41.2
2017-01-09 09:00:02, 31.046817779541016, 41.2
2017-01-09 09:15:02, 30.88133430480957, 41.2
2017-01-09 09:30:03, 30.973270416259766, 41.2
2017-01-09 09:45:02, 31.120365142822266, 41.2
2017-01-09 10:00:02, 30.954883575439453, 41.2
2017-01-09 10:15:03, 30.789400100708008, 39.5
2017-01-09 10:30:02, 30.531982421875, 39.5
2017-01-09 10:45:03, 30.679079055786133, 40.1
2017-01-09 11:00:03, 30.623918533325195, 39.0
2017-01-09 11:15:03, 30.476821899414062, 39.5
2017-01-09 11:30:03, 30.697465896606445, 39.5
2017-01-09 11:45:02, 30.60552978515625, 40.1
2017-01-09 12:00:02, 30.715852737426758, 39.5
2017-01-09 12:15:02, 30.752626419067383, 39.0
2017-01-09 12:30:03, 30.752626419067383, 40.1
2017-01-09 12:45:02, 31.341007232666016, 40.1
2017-01-09 13:00:03, 31.92938804626465, 40.1
2017-01-09 13:15:02, 32.241966247558594, 40.1
2017-01-09 13:30:03, 31.727130889892578, 40.6
2017-01-09 13:45:03, 31.837451934814453, 40.1
2017-01-09 14:00:03, 31.855838775634766, 40.6
2017-01-09 14:15:03, 31.855838775634766, 40.6
2017-01-09 14:30:02, 31.616809844970703, 40.1
2017-01-09 14:45:02, 31.414554595947266, 39.5
2017-01-09 15:00:02, 31.175525665283203, 40.1
2017-01-09 15:15:02, 31.120365142822266, 39.5
2017-01-09 15:30:03, 31.101978302001953, 39.5
2017-01-09 15:45:02, 31.08359146118164, 39.5
2017-01-09 16:00:02, 30.826173782348633, 40.1
2017-01-09 16:15:02, 30.991657257080078, 40.1
2017-01-09 16:30:03, 30.789400100708008, 39.5
2017-01-09 16:45:02, 30.93649673461914, 40.1
2017-01-09 17:00:02, 30.826173782348633, 39.0
2017-01-09 17:15:03, 30.826173782348633, 39.0
2017-01-09 17:30:02, 30.531982421875, 40.1
2017-01-09 17:45:02, 30.403274536132812, 39.5
2017-01-09 18:00:02, 30.679079055786133, 39.0
2017-01-09 18:15:02, 30.440048217773438, 39.0
2017-01-09 18:30:03, 30.531982421875, 39.5
2017-01-09 18:45:03, 30.45843505859375, 39.0
2017-01-09 19:00:03, 30.366500854492188, 39.5
2017-01-09 19:15:02, 30.440048217773438, 39.0
2017-01-09 19:30:02, 30.495208740234375, 39.0
2017-01-09 19:45:03, 30.403274536132812, 39.0
2017-01-09 20:00:03, 30.31134033203125, 39.0
2017-01-09 20:15:03, 30.366500854492188, 39.0
2017-01-09 20:30:02, 30.274566650390625, 38.5
2017-01-09 20:45:03, 30.035537719726562, 37.9
2017-01-09 21:00:02, 30.201019287109375, 39.0
2017-01-09 21:15:02, 30.127471923828125, 38.5
2017-01-09 21:30:03, 29.961990356445312, 37.9
2017-01-09 21:45:03, 30.201019287109375, 39.5
2017-01-09 22:00:03, 30.642305374145508, 42.2
2017-01-09 22:15:02, 31.543262481689453, 42.2
2017-01-09 22:30:02, 31.67197036743164, 42.8
2017-01-09 22:45:03, 32.00293731689453, 43.3
2017-01-09 23:00:02, 31.782291412353516, 43.9
2017-01-09 23:15:02, 31.892614364624023, 40.6
2017-01-09 23:30:02, 31.543262481689453, 40.6
2017-01-09 23:45:02, 31.249073028564453, 40.1
2017-01-10 00:00:03, 31.249073028564453, 40.1
2017-01-10 00:15:02, 30.862947463989258, 39.5
2017-01-10 00:30:03, 30.80778694152832, 40.1
2017-01-10 00:45:02, 30.587142944335938, 39.0
2017-01-10 01:00:02, 30.531982421875, 39.5
2017-01-10 01:15:03, 30.366500854492188, 39.0
2017-01-10 01:30:02, 30.3848876953125, 39.0
2017-01-10 01:45:02, 30.329727172851562, 39.0
2017-01-10 02:00:02, 30.145858764648438, 39.0
2017-01-10 02:15:03, 30.201019287109375, 39.0
2017-01-10 02:30:03, 29.961990356445312, 38.5
2017-01-10 02:45:03, 30.072311401367188, 38.5
2017-01-10 03:00:02, 29.943603515625, 38.5
2017-01-10 03:15:03, 30.01715087890625, 38.5
2017-01-10 03:30:02, 29.980377197265625, 37.9
2017-01-10 03:45:03, 29.704574584960938, 38.5
2017-01-10 04:00:02, 29.906829833984375, 38.5
2017-01-10 04:15:03, 29.87005615234375, 38.5
2017-01-10 04:30:02, 29.833282470703125, 37.9
2017-01-10 04:45:03, 29.814895629882812, 38.5
2017-01-10 05:00:03, 29.741348266601562, 37.9
2017-01-10 05:15:03, 29.72296142578125, 37.9
2017-01-10 05:30:02, 29.612638473510742, 39.0
2017-01-10 05:45:03, 29.704574584960938, 38.5
2017-01-10 06:00:02, 29.612638473510742, 38.5
2017-01-10 06:15:02, 29.59425163269043, 38.5
2017-01-10 06:30:02, 29.686187744140625, 38.5
2017-01-10 06:45:03, 29.59425163269043, 37.9
2017-01-10 07:00:02, 29.44715690612793, 37.9
2017-01-10 07:15:03, 29.465543746948242, 37.9
2017-01-10 07:30:02, 29.465543746948242, 37.9
2017-01-10 07:45:03, 29.391996383666992, 38.5
2017-01-10 08:00:02, 29.391996383666992, 38.5
2017-01-10 08:15:02, 29.539091110229492, 38.5
2017-01-10 08:30:02, 29.631025314331055, 38.5
2017-01-10 08:45:02, 29.686187744140625, 37.9
2017-01-10 09:00:02, 29.72296142578125, 38.5
2017-01-10 09:15:03, 29.52070426940918, 38.5
2017-01-10 09:30:03, 29.483930587768555, 38.5
2017-01-10 09:45:02, 29.575864791870117, 38.5
2017-01-10 10:00:02, 29.72296142578125, 38.5
2017-01-10 10:15:02, 29.483930587768555, 38.5
2017-01-10 10:30:02, 29.66779899597168, 39.0
2017-01-10 10:45:03, 29.686187744140625, 37.9
2017-01-10 11:00:03, 29.814895629882812, 39.0
2017-01-10 11:15:02, 29.704574584960938, 38.5
2017-01-10 11:30:03, 29.483930587768555, 38.5
2017-01-10 11:45:02, 29.741348266601562, 37.9
2017-01-10 12:00:02, 29.704574584960938, 37.9
2017-01-10 12:15:03, 29.52070426940918, 37.9
2017-01-10 12:30:02, 29.888442993164062, 37.9
2017-01-10 12:45:03, 29.925216674804688, 38.5
2017-01-10 13:00:02, 30.072311401367188, 39.0
2017-01-10 13:15:03, 30.513595581054688, 39.0
2017-01-10 13:30:03, 30.623918533325195, 39.0
2017-01-10 13:45:03, 30.88133430480957, 40.1
2017-01-10 14:00:03, 30.973270416259766, 39.0
2017-01-10 14:15:03, 30.73423957824707, 39.5
2017-01-10 14:30:03, 30.752626419067383, 39.5
2017-01-10 14:45:02, 30.679079055786133, 39.0
2017-01-10 15:00:03, 30.73423957824707, 39.0
2017-01-10 15:15:03, 30.642305374145508, 40.1
2017-01-10 15:30:03, 30.531982421875, 39.0
2017-01-10 15:45:02, 30.550369262695312, 40.1
2017-01-10 16:00:02, 30.366500854492188, 38.5
2017-01-10 16:15:03, 30.3848876953125, 39.0
2017-01-10 16:30:03, 30.421661376953125, 38.5
2017-01-10 16:45:03, 30.73423957824707, 41.7
2017-01-10 17:00:03, 31.267459869384766, 44.4
2017-01-10 17:15:03, 31.193912506103516, 44.4
2017-01-10 17:30:03, 31.285846710205078, 44.4
2017-01-10 17:45:03, 31.469715118408203, 44.4
2017-01-10 18:00:03, 31.065204620361328, 48.7
2017-01-10 18:15:02, 31.506488800048828, 44.4
2017-01-10 18:30:03, 31.708744049072266, 44.4
2017-01-10 18:45:02, 31.469715118408203, 44.4
2017-01-10 19:00:03, 31.414554595947266, 43.3
2017-01-10 19:15:03, 31.966161727905273, 44.4
2017-01-10 19:30:02, 32.094871520996094, 44.9
2017-01-10 19:45:04, 32.039710998535156, 44.4
2017-01-10 20:00:03, 32.039710998535156, 49.2
2017-01-10 20:15:03, 32.59131622314453, 44.9
2017-01-10 20:30:02, 32.86711883544922, 45.5
2017-01-10 20:45:03, 32.830345153808594, 45.5
2017-01-10 21:00:02, 32.922279357910156, 45.5
2017-01-10 21:15:02, 33.271629333496094, 46.0
2017-01-10 21:30:03, 33.050987243652344, 43.3
2017-01-10 21:45:03, 32.830345153808594, 45.5
2017-01-10 22:00:02, 33.40033721923828, 46.5
2017-01-10 22:15:02, 33.08776092529297, 43.3
2017-01-10 22:30:02, 32.49938201904297, 43.3
2017-01-10 22:45:03, 32.554542541503906, 43.3
2017-01-10 23:00:02, 32.22357940673828, 42.2
2017-01-10 23:15:02, 32.13164520263672, 42.2
2017-01-10 23:30:03, 31.911001205444336, 42.2
2017-01-10 23:45:03, 31.690357208251953, 42.2
2017-01-11 00:00:03, 31.94777488708496, 42.2
2017-01-11 00:15:03, 31.984548568725586, 42.2
2017-01-11 00:30:02, 31.469715118408203, 42.2
2017-01-11 00:45:03, 31.635196685791016, 41.2
2017-01-11 01:00:02, 31.561649322509766, 41.2
2017-01-11 01:15:03, 31.396167755126953, 41.2
2017-01-11 01:30:03, 31.488101959228516, 40.1
2017-01-11 01:45:03, 31.212299346923828, 41.2
2017-01-11 02:00:03, 31.08359146118164, 40.6
2017-01-11 02:15:02, 31.01004409790039, 41.2
2017-01-11 02:30:02, 30.973270416259766, 40.6
2017-01-11 02:45:02, 30.73423957824707, 40.1
2017-01-11 03:00:02, 30.60552978515625, 40.6
2017-01-11 03:15:02, 30.844560623168945, 40.1
2017-01-11 03:30:03, 30.771013259887695, 40.1
2017-01-11 03:45:03, 30.679079055786133, 40.6
2017-01-11 04:00:02, 30.752626419067383, 40.6
2017-01-11 04:15:03, 30.60552978515625, 40.1
2017-01-11 04:30:03, 30.642305374145508, 40.1
2017-01-11 04:45:02, 30.550369262695312, 40.6
2017-01-11 05:00:02, 30.421661376953125, 40.1
2017-01-11 05:15:02, 30.440048217773438, 40.1
2017-01-11 05:30:03, 30.3848876953125, 40.1
2017-01-11 05:45:03, 30.421661376953125, 40.1
2017-01-11 06:00:03, 30.329727172851562, 40.1
2017-01-11 06:15:03, 30.127471923828125, 40.6
2017-01-11 06:30:03, 30.0906982421875, 40.1
2017-01-11 06:45:03, 30.219406127929688, 40.1
2017-01-11 07:00:02, 30.23779296875, 40.1
2017-01-11 07:15:02, 30.274566650390625, 40.6
2017-01-11 07:30:03, 30.771013259887695, 40.6
2017-01-11 07:45:02, 30.899721145629883, 41.2
2017-01-11 08:00:02, 31.101978302001953, 41.2
2017-01-11 08:15:03, 31.249073028564453, 41.2
2017-01-11 08:30:02, 31.359394073486328, 41.2
2017-01-11 08:45:03, 30.973270416259766, 40.1
2017-01-11 09:00:03, 30.844560623168945, 39.5
2017-01-11 09:15:02, 30.60552978515625, 39.5
2017-01-11 09:30:03, 30.366500854492188, 39.0
2017-01-11 09:45:02, 30.495208740234375, 39.0
2017-01-11 10:00:03, 30.88133430480957, 42.2
2017-01-11 10:15:02, 31.08359146118164, 42.8
2017-01-11 10:30:02, 31.432941436767578, 42.8
2017-01-11 10:45:02, 31.708744049072266, 42.8
2017-01-11 11:00:02, 31.561649322509766, 42.8
2017-01-11 11:15:02, 31.341007232666016, 42.8
2017-01-11 11:30:02, 31.67197036743164, 44.9
2017-01-11 11:45:03, 31.81906509399414, 44.4
2017-01-11 12:00:02, 31.763904571533203, 44.9
2017-01-11 12:15:02, 31.543262481689453, 44.9
2017-01-11 12:30:03, 32.039710998535156, 44.4
2017-01-11 12:45:03, 32.536155700683594, 45.5
2017-01-11 13:00:02, 33.56582260131836, 46.5
2017-01-11 13:15:03, 33.80485153198242, 43.3
2017-01-11 13:30:03, 33.124534606933594, 43.3
2017-01-11 13:45:03, 33.17969512939453, 42.2
2017-01-11 14:00:03, 33.17969512939453, 43.3
2017-01-11 14:15:02, 32.59131622314453, 43.3
2017-01-11 14:30:03, 32.554542541503906, 42.8
2017-01-11 14:45:03, 32.094871520996094, 42.2
2017-01-11 15:00:02, 32.13164520263672, 42.2
2017-01-11 15:15:03, 31.763904571533203, 42.8
2017-01-11 15:30:02, 31.59842300415039, 41.2
2017-01-11 15:45:03, 30.93649673461914, 40.1
2017-01-11 16:00:02, 30.991657257080078, 40.1
2017-01-11 16:15:02, 30.88133430480957, 40.1
2017-01-11 16:30:02, 30.93649673461914, 40.1
2017-01-11 16:45:03, 30.844560623168945, 39.5
2017-01-11 17:00:03, 30.715852737426758, 40.1
2017-01-11 17:15:03, 30.60552978515625, 39.5
2017-01-11 17:30:03, 30.642305374145508, 39.0
2017-01-11 17:45:02, 30.403274536132812, 39.0
2017-01-11 18:00:02, 32.20519256591797, 50.3
2017-01-11 18:15:03, 32.94066619873047, 51.4
2017-01-11 18:30:03, 33.08776092529297, 51.4
2017-01-11 18:45:02, 32.701637268066406, 51.4
2017-01-11 19:00:03, 32.59131622314453, 51.4
2017-01-11 19:15:03, 32.51776885986328, 51.4
2017-01-11 19:30:03, 33.16130828857422, 51.4
2017-01-11 19:45:03, 32.81195831298828, 51.9
2017-01-11 20:00:02, 33.16130828857422, 51.4
2017-01-11 20:15:03, 33.602596282958984, 54.1
2017-01-11 20:30:03, 34.3564567565918, 54.6
2017-01-11 20:45:02, 34.57710266113281, 55.1
2017-01-11 21:00:03, 34.94483947753906, 55.7
2017-01-11 21:15:03, 35.36773681640625, 57.3
2017-01-11 21:30:02, 34.02549362182617, 47.1
2017-01-11 21:45:03, 33.363563537597656, 46.5
2017-01-11 22:00:02, 33.363563537597656, 44.9
2017-01-11 22:15:03, 33.271629333496094, 44.9
2017-01-11 22:30:02, 33.03260040283203, 44.9
2017-01-11 22:45:02, 32.628089904785156, 42.2
2017-01-11 23:00:03, 32.57292938232422, 41.2
2017-01-11 23:15:02, 31.94777488708496, 41.2
2017-01-11 23:30:02, 31.94777488708496, 41.2
2017-01-11 23:45:03, 31.616809844970703, 40.1
2017-01-12 00:00:03, 31.543262481689453, 40.1
2017-01-12 00:15:03, 31.52487564086914, 40.1
2017-01-12 00:30:02, 31.08359146118164, 40.1
2017-01-12 00:45:02, 30.973270416259766, 40.1
2017-01-12 01:00:02, 30.73423957824707, 39.5
2017-01-12 01:15:02, 30.568756103515625, 39.5
2017-01-12 01:30:03, 30.513595581054688, 39.5
2017-01-12 01:45:02, 30.421661376953125, 39.0
2017-01-12 02:00:02, 30.3848876953125, 39.5
2017-01-12 02:15:02, 30.329727172851562, 39.0
2017-01-12 02:30:02, 30.256179809570312, 39.0
2017-01-12 02:45:02, 29.943603515625, 39.0
2017-01-12 03:00:03, 29.778121948242188, 39.0
2017-01-12 03:15:02, 30.145858764648438, 39.0
2017-01-12 03:30:03, 29.906829833984375, 39.0
2017-01-12 03:45:02, 29.943603515625, 38.5
2017-01-12 04:00:03, 29.649412155151367, 39.0
2017-01-12 04:15:02, 29.759735107421875, 38.5
2017-01-12 04:30:02, 29.7965087890625, 38.5
2017-01-12 04:45:02, 29.833282470703125, 39.0
2017-01-12 05:00:03, 29.66779899597168, 38.5
2017-01-12 05:15:02, 29.72296142578125, 39.0
2017-01-12 05:30:03, 29.557477951049805, 38.5
2017-01-12 05:45:02, 29.539091110229492, 38.5
2017-01-12 06:00:03, 29.355220794677734, 39.0
2017-01-12 06:15:02, 29.686187744140625, 37.9
2017-01-12 06:30:03, 29.52070426940918, 37.9
2017-01-12 06:45:02, 29.52070426940918, 38.5
2017-01-12 07:00:03, 29.465543746948242, 37.9
2017-01-12 07:15:02, 29.833282470703125, 38.5
2017-01-12 07:30:03, 30.31134033203125, 39.0
2017-01-12 07:45:03, 30.329727172851562, 39.0
2017-01-12 08:00:03, 30.476821899414062, 39.0
2017-01-12 08:15:03, 30.66069221496582, 39.0
2017-01-12 08:30:02, 30.752626419067383, 39.5
2017-01-12 08:45:03, 30.918107986450195, 39.0
2017-01-12 09:00:02, 30.715852737426758, 39.0
2017-01-12 09:15:03, 30.513595581054688, 39.0
2017-01-12 09:30:02, 30.531982421875, 39.0
2017-01-12 09:45:02, 30.219406127929688, 39.0
2017-01-12 10:00:02, 30.45843505859375, 39.0
2017-01-12 10:15:02, 30.16424560546875, 39.0
2017-01-12 10:30:02, 30.292953491210938, 39.0
2017-01-12 10:45:02, 30.274566650390625, 39.0
2017-01-12 11:00:03, 30.274566650390625, 39.5
2017-01-12 11:15:02, 30.072311401367188, 39.0
2017-01-12 11:30:03, 30.329727172851562, 39.0
2017-01-12 11:45:03, 30.053924560546875, 39.0
2017-01-12 12:00:02, 30.035537719726562, 39.0
2017-01-12 12:15:03, 30.0906982421875, 39.0
2017-01-12 12:30:03, 30.072311401367188, 39.0
2017-01-12 12:45:02, 30.476821899414062, 39.5
2017-01-12 13:00:02, 30.88133430480957, 39.0
2017-01-12 13:15:02, 31.046817779541016, 40.1
2017-01-12 13:30:03, 31.15713882446289, 39.0
2017-01-12 13:45:03, 31.506488800048828, 40.1
2017-01-12 14:00:02, 31.782291412353516, 40.1
2017-01-12 14:15:03, 31.488101959228516, 40.1
2017-01-12 14:30:03, 31.506488800048828, 40.1
2017-01-12 14:45:03, 31.267459869384766, 40.1
2017-01-12 15:00:02, 31.01004409790039, 40.1
2017-01-12 15:15:03, 30.899721145629883, 40.1
2017-01-12 15:30:03, 30.587142944335938, 39.5
2017-01-12 15:45:03, 30.642305374145508, 40.1
2017-01-12 16:00:02, 30.531982421875, 39.0
2017-01-12 16:15:02, 30.60552978515625, 40.1
2017-01-12 16:30:02, 30.292953491210938, 39.5
2017-01-12 16:45:02, 30.219406127929688, 39.0
2017-01-12 17:00:02, 30.3848876953125, 39.0
2017-01-12 17:15:02, 30.01715087890625, 39.0
2017-01-12 17:30:03, 30.3848876953125, 39.0
2017-01-12 17:45:03, 30.053924560546875, 39.0
2017-01-12 18:00:02, 30.16424560546875, 39.0
2017-01-12 18:15:03, 30.109085083007812, 39.0
2017-01-12 18:30:03, 30.16424560546875, 38.5
2017-01-12 18:45:03, 30.072311401367188, 39.0
2017-01-12 19:00:02, 30.182632446289062, 39.0
2017-01-12 19:15:02, 30.31134033203125, 39.0
2017-01-12 19:30:03, 31.285846710205078, 44.4
2017-01-12 19:45:03, 31.120365142822266, 44.4
2017-01-12 20:00:03, 31.52487564086914, 43.3
2017-01-12 20:15:02, 31.984548568725586, 44.4
2017-01-12 20:30:03, 32.29712677001953, 44.9
2017-01-12 20:45:02, 32.51776885986328, 44.9
2017-01-12 21:00:03, 32.848731994628906, 45.5
2017-01-12 21:15:02, 33.01421356201172, 45.5
2017-01-12 21:30:03, 33.142921447753906, 45.5
2017-01-12 21:45:03, 33.418724060058594, 46.0
2017-01-12 22:00:02, 33.63936996459961, 46.0
2017-01-12 22:15:03, 33.56582260131836, 46.0
2017-01-12 22:30:03, 33.345176696777344, 46.0
2017-01-12 22:45:02, 33.32678985595703, 45.5
2017-01-12 23:00:02, 33.142921447753906, 45.5
2017-01-12 23:15:03, 32.848731994628906, 46.0
2017-01-12 23:30:02, 32.72002410888672, 43.9
2017-01-12 23:45:02, 31.690357208251953, 41.2
2017-01-13 00:00:02, 31.212299346923828, 41.7
2017-01-13 00:15:02, 31.15713882446289, 41.7
2017-01-13 00:30:03, 30.954883575439453, 41.2
2017-01-13 00:45:02, 30.954883575439453, 40.6
2017-01-13 01:00:03, 30.954883575439453, 41.2
2017-01-13 01:15:02, 30.697465896606445, 40.6
2017-01-13 01:30:02, 30.80778694152832, 40.6
2017-01-13 01:45:03, 30.3848876953125, 40.6
2017-01-13 02:00:03, 30.274566650390625, 40.6
2017-01-13 02:15:02, 30.513595581054688, 40.1
2017-01-13 02:30:03, 30.329727172851562, 40.6
2017-01-13 02:45:03, 30.292953491210938, 40.1
2017-01-13 03:00:02, 30.274566650390625, 40.1
2017-01-13 03:15:03, 29.998764038085938, 40.6
2017-01-13 03:30:03, 30.072311401367188, 40.1
2017-01-13 03:45:02, 29.980377197265625, 40.6
2017-01-13 04:00:03, 29.943603515625, 40.1
2017-01-13 04:15:02, 29.814895629882812, 40.1
2017-01-13 04:30:03, 29.943603515625, 39.5
2017-01-13 04:45:02, 29.741348266601562, 39.5
2017-01-13 05:00:02, 29.925216674804688, 40.1
2017-01-13 05:15:03, 29.66779899597168, 40.1
2017-01-13 05:30:03, 29.649412155151367, 39.5
2017-01-13 05:45:02, 29.502317428588867, 40.1
2017-01-13 06:00:03, 29.814895629882812, 39.5
                                              2017-01-25 18:00:03, 24.795272827148438, 34.2
2017-01-25 18:15:02, 28.08652687072754, 36.9
2017-01-25 18:30:03, 29.557477951049805, 42.2
2017-01-25 18:45:02, 30.476821899414062, 43.3
2017-01-25 19:00:02, 30.973270416259766, 44.4
2017-01-25 19:15:03, 31.23068618774414, 43.3
2017-01-25 19:30:02, 31.488101959228516, 43.9
2017-01-25 19:45:02, 31.74551773071289, 44.4
2017-01-25 20:00:03, 32.113258361816406, 45.5
2017-01-25 20:15:02, 32.094871520996094, 44.4
2017-01-25 20:30:03, 32.15003204345703, 44.9
2017-01-25 20:45:03, 32.039710998535156, 44.9
2017-01-25 21:00:02, 32.49938201904297, 44.4
2017-01-25 21:15:03, 32.701637268066406, 44.9
2017-01-25 21:30:02, 31.45132827758789, 39.0
2017-01-25 21:45:02, 31.396167755126953, 39.0
2017-01-25 22:00:03, 31.359394073486328, 39.0
2017-01-25 22:15:03, 31.138751983642578, 39.0
2017-01-25 22:30:02, 31.249073028564453, 38.5
2017-01-25 22:45:02, 30.899721145629883, 39.0
2017-01-25 23:00:02, 30.715852737426758, 38.5
2017-01-25 23:15:02, 30.623918533325195, 38.5
2017-01-25 23:30:02, 30.642305374145508, 38.5
2017-01-25 23:45:02, 30.531982421875, 37.9
2017-01-26 00:00:02, 30.495208740234375, 37.9
2017-01-26 00:15:02, 30.201019287109375, 37.9
2017-01-26 00:30:03, 30.053924560546875, 37.9
2017-01-26 00:45:02, 29.704574584960938, 37.9
2017-01-26 01:00:02, 29.741348266601562, 37.9
2017-01-26 01:15:02, 29.778121948242188, 37.9
2017-01-26 01:30:03, 29.557477951049805, 37.9
2017-01-26 01:45:03, 29.778121948242188, 37.9
2017-01-26 02:00:02, 29.612638473510742, 37.9
2017-01-26 02:15:03, 29.539091110229492, 36.9
2017-01-26 02:30:02, 29.52070426940918, 37.4
2017-01-26 02:45:03, 29.539091110229492, 37.4
2017-01-26 03:00:02, 29.59425163269043, 37.9
2017-01-26 03:15:03, 29.502317428588867, 37.9
2017-01-26 03:30:03, 29.59425163269043, 37.4
2017-01-26 03:45:02, 29.410383224487305, 36.9
2017-01-26 04:00:02, 29.741348266601562, 37.9
2017-01-26 04:15:02, 29.31844711303711, 37.4
2017-01-26 04:30:02, 29.539091110229492, 37.4
2017-01-26 04:45:02, 29.502317428588867, 37.9
2017-01-26 05:00:02, 29.355220794677734, 37.9
2017-01-26 05:15:02, 29.281673431396484, 37.4
2017-01-26 05:30:02, 29.355220794677734, 37.4
2017-01-26 05:45:02, 29.391996383666992, 37.4
2017-01-26 06:00:02, 29.391996383666992, 36.9
2017-01-26 06:15:02, 29.24489974975586, 36.9
2017-01-26 06:30:02, 29.465543746948242, 37.4
2017-01-26 06:45:02, 29.502317428588867, 37.4
2017-01-26 07:00:02, 29.833282470703125, 37.9
2017-01-26 07:15:02, 29.980377197265625, 37.9
2017-01-26 07:30:02, 30.292953491210938, 37.9
2017-01-26 07:45:02, 30.440048217773438, 37.9
2017-01-26 08:00:02, 30.550369262695312, 37.9
2017-01-26 08:15:02, 30.587142944335938, 38.5
2017-01-26 08:30:02, 30.60552978515625, 38.5
2017-01-26 08:45:02, 30.862947463989258, 38.5
2017-01-26 09:00:03, 30.80778694152832, 37.9
2017-01-26 09:15:03, 30.80778694152832, 37.9
2017-01-26 09:30:02, 30.80778694152832, 38.5
2017-01-26 09:45:03, 30.623918533325195, 38.5
2017-01-26 10:00:02, 30.60552978515625, 38.5
2017-01-26 10:15:03, 30.66069221496582, 37.9
2017-01-26 10:30:02, 30.60552978515625, 37.9
2017-01-26 10:45:02, 30.531982421875, 37.9
2017-01-26 11:00:02, 30.3848876953125, 38.5
2017-01-26 11:15:03, 30.348114013671875, 37.9
2017-01-26 11:30:02, 30.348114013671875, 37.9
2017-01-26 11:45:03, 30.182632446289062, 37.9
2017-01-26 12:00:02, 30.292953491210938, 37.9
2017-01-26 12:15:02, 30.23779296875, 37.9
2017-01-26 12:30:02, 30.201019287109375, 37.9
2017-01-26 12:45:03, 29.888442993164062, 37.9
2017-01-26 13:00:02, 29.925216674804688, 37.9
2017-01-26 13:15:02, 30.053924560546875, 37.4
2017-01-26 13:30:03, 30.256179809570312, 37.4
2017-01-26 13:45:02, 30.109085083007812, 37.9
2017-01-26 14:00:02, 30.035537719726562, 37.9
2017-01-26 14:15:02, 30.01715087890625, 37.9
2017-01-26 14:30:02, 30.053924560546875, 37.9
2017-01-26 14:45:03, 30.035537719726562, 37.9
2017-01-26 15:00:03, 30.145858764648438, 37.9
2017-01-26 15:15:02, 30.035537719726562, 37.9
2017-01-26 15:30:03, 30.182632446289062, 37.9
2017-01-26 15:45:02, 29.759735107421875, 37.9
2017-01-26 16:00:02, 29.925216674804688, 37.9
2017-01-26 16:15:02, 29.943603515625, 37.9
2017-01-26 16:30:02, 29.980377197265625, 37.4
2017-01-26 16:45:02, 29.998764038085938, 37.9
2017-01-26 17:00:02, 29.851669311523438, 37.4
2017-01-26 17:15:02, 29.814895629882812, 37.9
2017-01-26 17:30:02, 29.925216674804688, 37.9
2017-01-26 17:45:02, 29.649412155151367, 37.9
2017-01-26 18:00:02, 29.778121948242188, 37.9
2017-01-26 18:15:02, 29.833282470703125, 37.4
2017-01-26 18:30:02, 29.888442993164062, 37.9
2017-01-26 18:45:02, 30.145858764648438, 37.9
2017-01-26 19:00:02, 30.292953491210938, 37.9
2017-01-26 19:15:02, 30.623918533325195, 37.9
2017-01-26 19:30:03, 30.844560623168945, 39.0
2017-01-26 19:45:03, 31.432941436767578, 42.2
2017-01-26 20:00:02, 31.708744049072266, 41.7
2017-01-26 20:15:02, 31.892614364624023, 42.2
2017-01-26 20:30:02, 32.315513610839844, 40.1
2017-01-26 20:45:03, 32.168418884277344, 40.1
2017-01-26 21:00:02, 32.333900451660156, 40.1
2017-01-26 21:15:02, 32.29712677001953, 40.1
2017-01-26 21:30:02, 32.07648468017578, 40.1
2017-01-26 21:45:03, 31.966161727905273, 40.1
2017-01-26 22:00:02, 32.15003204345703, 40.1
2017-01-26 22:15:02, 31.984548568725586, 40.1
2017-01-26 22:30:02, 31.837451934814453, 39.0
2017-01-26 22:45:02, 31.800678253173828, 39.5
2017-01-26 23:00:03, 31.616809844970703, 39.0
2017-01-26 23:15:02, 31.616809844970703, 39.0
2017-01-26 23:30:02, 31.37778091430664, 39.0
2017-01-26 23:45:02, 31.359394073486328, 39.0
2017-01-27 00:00:02, 31.193912506103516, 39.0
2017-01-27 00:15:02, 31.08359146118164, 39.0
2017-01-27 00:30:02, 30.88133430480957, 39.0
2017-01-27 00:45:02, 30.80778694152832, 38.5
2017-01-27 01:00:03, 30.642305374145508, 38.5
2017-01-27 01:15:02, 30.954883575439453, 38.5
2017-01-27 01:30:03, 30.771013259887695, 38.5
2017-01-27 01:45:03, 30.73423957824707, 38.5
2017-01-27 02:00:02, 30.550369262695312, 38.5
2017-01-27 02:15:02, 30.715852737426758, 39.0
2017-01-27 02:30:02, 30.679079055786133, 38.5
2017-01-27 02:45:02, 30.623918533325195, 37.9
2017-01-27 03:00:02, 30.366500854492188, 37.9
2017-01-27 03:15:02, 30.45843505859375, 37.9
2017-01-27 03:30:03, 30.568756103515625, 38.5
2017-01-27 03:45:02, 30.366500854492188, 37.9
2017-01-27 04:00:02, 30.366500854492188, 37.9
2017-01-27 04:15:02, 30.292953491210938, 37.9
2017-01-27 04:30:02, 30.145858764648438, 37.9
2017-01-27 04:45:02, 30.403274536132812, 38.5
2017-01-27 05:00:02, 30.201019287109375, 37.9
2017-01-27 05:15:03, 30.256179809570312, 37.9
2017-01-27 05:30:02, 30.219406127929688, 37.9
2017-01-27 05:45:02, 30.16424560546875, 37.9
2017-01-27 06:00:02, 30.127471923828125, 37.9
2017-01-27 06:15:02, 30.053924560546875, 38.5
2017-01-27 06:30:02, 30.292953491210938, 37.9
2017-01-27 06:45:02, 30.219406127929688, 37.9
2017-01-27 07:00:03, 30.679079055786133, 37.9
2017-01-27 07:15:03, 30.88133430480957, 38.5
2017-01-27 07:30:02, 31.065204620361328, 38.5
2017-01-27 07:45:02, 31.193912506103516, 39.0
2017-01-27 08:00:02, 31.322620391845703, 39.0
2017-01-27 08:15:02, 31.506488800048828, 38.5
2017-01-27 08:30:02, 31.52487564086914, 39.0
2017-01-27 08:45:02, 31.561649322509766, 39.0
2017-01-27 09:00:02, 31.653583526611328, 39.0
2017-01-27 09:15:03, 31.580036163330078, 38.5
2017-01-27 09:30:02, 31.359394073486328, 39.0
2017-01-27 09:45:02, 31.30423355102539, 39.0
2017-01-27 10:00:02, 31.249073028564453, 39.0
2017-01-27 10:15:02, 31.101978302001953, 38.5
2017-01-27 10:30:03, 31.249073028564453, 38.5
2017-01-27 10:45:03, 31.285846710205078, 39.0
2017-01-27 11:00:02, 31.23068618774414, 38.5
2017-01-27 11:15:02, 31.046817779541016, 39.0
2017-01-27 11:30:03, 31.175525665283203, 38.5
2017-01-27 11:45:02, 31.193912506103516, 38.5
2017-01-27 12:00:02, 31.193912506103516, 38.5
2017-01-27 12:15:03, 31.193912506103516, 38.5
2017-01-27 12:30:03, 31.120365142822266, 38.5
2017-01-27 12:45:02, 31.065204620361328, 37.9
2017-01-27 13:00:02, 31.065204620361328, 38.5
2017-01-27 13:15:03, 31.028430938720703, 38.5
2017-01-27 13:30:03, 31.267459869384766, 39.0
2017-01-27 13:45:03, 31.267459869384766, 38.5
2017-01-27 14:00:03, 31.37778091430664, 39.0
2017-01-27 14:15:03, 31.267459869384766, 39.0
2017-01-27 14:30:02, 31.15713882446289, 38.5
2017-01-27 14:45:02, 31.120365142822266, 38.5
2017-01-27 15:00:02, 30.991657257080078, 39.0
2017-01-27 15:15:03, 31.065204620361328, 38.5
2017-01-27 15:30:02, 31.101978302001953, 39.0
2017-01-27 15:45:03, 31.120365142822266, 38.5
2017-01-27 16:00:02, 31.15713882446289, 39.0
2017-01-27 16:15:02, 31.120365142822266, 39.0
2017-01-27 16:30:02, 31.01004409790039, 39.0
2017-01-27 16:45:02, 30.991657257080078, 39.0
2017-01-27 17:00:02, 30.899721145629883, 38.5
2017-01-27 17:15:02, 32.29712677001953, 44.9
2017-01-27 17:30:03, 32.039710998535156, 43.3
2017-01-27 17:45:03, 32.00293731689453, 43.3
2017-01-27 18:00:02, 31.52487564086914, 40.1
2017-01-27 18:15:03, 31.45132827758789, 39.5
2017-01-27 18:30:02, 31.359394073486328, 40.1
2017-01-27 18:45:02, 31.285846710205078, 40.1
2017-01-27 19:00:02, 31.635196685791016, 39.5
2017-01-27 19:15:02, 31.708744049072266, 40.1
2017-01-27 19:30:02, 31.81906509399414, 40.1
2017-01-27 19:45:03, 31.87422752380371, 40.1
2017-01-27 20:00:02, 32.039710998535156, 40.1
2017-01-27 20:15:02, 32.186805725097656, 40.1
2017-01-27 20:30:02, 32.29712677001953, 40.6
2017-01-27 20:45:02, 32.260353088378906, 40.6
2017-01-27 21:00:02, 32.15003204345703, 40.1
2017-01-27 21:15:02, 32.389060974121094, 40.6
2017-01-27 21:30:02, 32.42583465576172, 40.6
2017-01-27 21:45:03, 32.42583465576172, 41.2
2017-01-27 22:00:02, 32.407447814941406, 40.1
2017-01-27 22:15:02, 32.554542541503906, 41.2
2017-01-27 22:30:03, 32.42583465576172, 40.1
2017-01-27 22:45:02, 32.241966247558594, 41.2
2017-01-27 23:00:03, 32.094871520996094, 40.6
2017-01-27 23:15:03, 31.911001205444336, 40.1
2017-01-27 23:30:03, 31.855838775634766, 40.1
2017-01-27 23:45:03, 31.727130889892578, 40.1
2017-01-28 00:00:02, 31.690357208251953, 40.1
2017-01-28 00:15:02, 31.67197036743164, 40.1
2017-01-28 00:30:02, 31.561649322509766, 40.6
2017-01-28 00:45:02, 32.05809783935547, 40.1
2017-01-28 01:00:02, 32.021324157714844, 40.6
2017-01-28 01:15:03, 31.984548568725586, 40.1
2017-01-28 01:30:02, 31.708744049072266, 40.1
2017-01-28 01:45:02, 31.690357208251953, 40.1
2017-01-28 02:00:03, 31.285846710205078, 40.1
2017-01-28 02:15:03, 31.028430938720703, 40.1
2017-01-28 02:30:03, 30.918107986450195, 40.1
2017-01-28 02:45:03, 30.697465896606445, 40.1
2017-01-28 03:00:02, 30.88133430480957, 40.1
2017-01-28 03:15:03, 31.028430938720703, 39.5
2017-01-28 03:30:03, 30.80778694152832, 40.1
2017-01-28 03:45:03, 30.954883575439453, 40.1
2017-01-28 04:00:02, 30.973270416259766, 40.1
2017-01-28 04:15:02, 31.01004409790039, 40.1
2017-01-28 04:30:03, 30.973270416259766, 39.5
2017-01-28 04:45:02, 30.771013259887695, 40.1
2017-01-28 05:00:02, 30.899721145629883, 40.1
2017-01-28 05:15:02, 30.991657257080078, 39.0
2017-01-28 05:30:02, 30.73423957824707, 39.0
2017-01-28 05:45:02, 30.697465896606445, 39.5
2017-01-28 06:00:03, 30.752626419067383, 39.0
2017-01-28 06:15:02, 30.623918533325195, 39.0
2017-01-28 06:30:02, 30.826173782348633, 39.5
2017-01-28 06:45:03, 30.93649673461914, 39.5
2017-01-28 07:00:02, 31.322620391845703, 40.1
2017-01-28 07:15:02, 31.506488800048828, 40.1
2017-01-28 07:30:03, 31.59842300415039, 40.1
2017-01-28 07:45:02, 31.837451934814453, 40.1
2017-01-28 08:00:02, 31.92938804626465, 40.1
2017-01-28 08:15:03, 32.021324157714844, 40.1
2017-01-28 08:30:03, 32.05809783935547, 40.1
2017-01-28 08:45:02, 32.113258361816406, 40.6
2017-01-28 09:00:02, 32.021324157714844, 40.6
2017-01-28 09:15:03, 31.800678253173828, 40.6
2017-01-28 09:30:02, 31.855838775634766, 40.1
2017-01-28 09:45:02, 31.52487564086914, 40.1
2017-01-28 10:00:03, 31.653583526611328, 40.6
2017-01-28 10:15:02, 31.432941436767578, 40.1
2017-01-28 10:30:02, 31.028430938720703, 40.1
2017-01-28 10:45:03, 31.267459869384766, 40.1
2017-01-28 11:00:02, 31.432941436767578, 40.1
2017-01-28 11:15:03, 31.635196685791016, 40.1
2017-01-28 11:30:03, 31.800678253173828, 40.1
2017-01-28 11:45:03, 31.800678253173828, 40.1
2017-01-28 12:00:03, 32.168418884277344, 43.3
2017-01-28 12:15:03, 32.701637268066406, 43.3
2017-01-28 12:30:02, 32.830345153808594, 44.4
2017-01-28 12:45:02, 33.10614776611328, 44.4
2017-01-28 13:00:03, 33.529048919677734, 44.4
2017-01-28 13:15:03, 34.264522552490234, 45.5
2017-01-28 13:30:02, 34.705810546875, 45.5
2017-01-28 13:45:03, 34.77935791015625, 46.0
2017-01-28 14:00:02, 34.8529052734375, 46.0
2017-01-28 14:15:02, 35.1470947265625, 47.6
2017-01-28 14:30:03, 35.07354736328125, 47.6
2017-01-28 14:45:02, 34.79774475097656, 47.6
2017-01-28 15:00:02, 34.63226318359375, 47.1
2017-01-28 15:15:02, 34.37484359741211, 46.5
2017-01-28 15:30:03, 33.78646469116211, 46.5
2017-01-28 15:45:03, 33.749691009521484, 46.5
2017-01-28 16:00:03, 33.749691009521484, 46.5
2017-01-28 16:15:02, 33.9151725769043, 46.5
2017-01-28 16:30:03, 33.676143646240234, 46.5
2017-01-28 16:45:02, 33.51066207885742, 46.5
2017-01-28 17:00:02, 33.602596282958984, 46.0
2017-01-28 17:15:03, 33.56582260131836, 46.5
2017-01-28 17:30:02, 33.49227523803711, 46.5
2017-01-28 17:45:02, 33.54743576049805, 46.0
2017-01-28 18:00:02, 33.4738883972168, 51.9
2017-01-28 18:15:02, 33.49227523803711, 46.5
2017-01-28 18:30:03, 33.529048919677734, 46.5
2017-01-28 18:45:02, 33.51066207885742, 46.5
2017-01-28 19:00:04, 34.595489501953125, 46.5
2017-01-28 19:15:02, 34.90806579589844, 47.6
2017-01-28 19:30:02, 34.98161315917969, 47.6
2017-01-28 19:45:02, 35.09193420410156, 47.6
2017-01-28 20:00:03, 35.36773681640625, 47.1
2017-01-28 20:15:03, 35.51483154296875, 47.6
2017-01-28 20:30:02, 35.551605224609375, 47.6
2017-01-28 20:45:03, 35.404510498046875, 47.6
2017-01-28 21:00:02, 35.31257629394531, 47.6
2017-01-28 21:15:03, 35.110321044921875, 48.2
2017-01-28 21:30:02, 34.889678955078125, 47.1
2017-01-28 21:45:03, 34.98161315917969, 47.6
2017-01-28 22:00:03, 34.94483947753906, 47.6
2017-01-28 22:15:03, 34.742584228515625, 47.1
2017-01-28 22:30:02, 34.963226318359375, 47.6
2017-01-28 22:45:03, 34.87129211425781, 48.2
2017-01-28 23:00:02, 34.90806579589844, 47.6
2017-01-28 23:15:02, 34.87129211425781, 44.4
2017-01-28 23:30:02, 34.57710266113281, 44.4
2017-01-28 23:45:03, 34.39323425292969, 44.4
2017-01-29 00:00:03, 33.93355941772461, 43.3
2017-01-29 00:15:02, 33.823238372802734, 43.9
2017-01-29 00:30:03, 33.71291732788086, 43.3
2017-01-29 00:45:03, 33.38195037841797, 43.3
2017-01-29 01:00:02, 33.38195037841797, 43.3
2017-01-29 01:15:03, 33.124534606933594, 42.8
2017-01-29 01:30:02, 33.01421356201172, 43.3
2017-01-29 01:45:03, 32.86711883544922, 42.2
2017-01-29 02:00:02, 32.86711883544922, 42.8
2017-01-29 02:15:03, 32.81195831298828, 42.8
2017-01-29 02:30:03, 32.88550567626953, 42.2
2017-01-29 02:45:03, 32.86711883544922, 42.2
2017-01-29 03:00:02, 32.64647674560547, 42.2
2017-01-29 03:15:02, 32.72002410888672, 42.2
2017-01-29 03:30:03, 32.51776885986328, 42.2
2017-01-29 03:45:03, 32.462608337402344, 42.8
2017-01-29 04:00:03, 32.49938201904297, 42.2
2017-01-29 04:15:02, 32.260353088378906, 42.2
2017-01-29 04:30:02, 32.42583465576172, 42.2
2017-01-29 04:45:03, 32.389060974121094, 42.2
2017-01-29 05:00:02, 32.35228729248047, 42.2
2017-01-29 05:15:02, 32.186805725097656, 42.2
2017-01-29 05:30:03, 32.389060974121094, 42.2
2017-01-29 05:45:03, 32.315513610839844, 42.2
2017-01-29 06:00:03, 32.480995178222656, 42.2
2017-01-29 06:15:02, 32.315513610839844, 42.2
2017-01-29 06:30:02, 32.35228729248047, 42.2
2017-01-29 06:45:02, 32.260353088378906, 42.2
2017-01-29 07:00:03, 32.27873992919922, 41.7
2017-01-29 07:15:03, 32.27873992919922, 42.2
2017-01-29 07:30:02, 32.22357940673828, 42.2
2017-01-29 07:45:02, 32.15003204345703, 42.2
2017-01-29 08:00:02, 32.13164520263672, 42.2
2017-01-29 08:15:03, 32.094871520996094, 42.2
2017-01-29 08:30:03, 31.92938804626465, 42.2
2017-01-29 08:45:03, 31.92938804626465, 42.2
2017-01-29 09:00:02, 31.92938804626465, 41.7
2017-01-29 09:15:02, 32.13164520263672, 41.2
2017-01-29 09:30:03, 31.984548568725586, 42.2
2017-01-29 09:45:02, 31.984548568725586, 42.2
2017-01-29 10:00:03, 32.13164520263672, 41.2
2017-01-29 10:15:02, 32.00293731689453, 41.2
2017-01-29 10:30:02, 32.05809783935547, 41.7
2017-01-29 10:45:02, 31.94777488708496, 42.2
2017-01-29 11:00:03, 31.966161727905273, 42.2
2017-01-29 11:15:03, 31.911001205444336, 42.2
2017-01-29 11:30:03, 31.966161727905273, 41.2
2017-01-29 11:45:03, 32.241966247558594, 44.4
2017-01-29 12:00:02, 32.628089904785156, 45.5
2017-01-29 12:15:03, 32.73841094970703, 45.5
2017-01-29 12:30:03, 32.977439880371094, 45.5
2017-01-29 12:45:03, 33.38195037841797, 46.0
2017-01-29 13:00:02, 33.418724060058594, 45.5
2017-01-29 13:15:03, 33.69453048706055, 44.9
2017-01-29 13:30:03, 33.17969512939453, 44.4
2017-01-29 13:45:02, 33.25324249267578, 44.9
2017-01-29 14:00:03, 33.30840301513672, 44.4
2017-01-29 14:15:02, 33.30840301513672, 44.9
2017-01-29 14:30:03, 33.437110900878906, 44.4
2017-01-29 14:45:03, 32.830345153808594, 41.2
2017-01-29 15:00:02, 32.683250427246094, 41.2
2017-01-29 15:15:02, 32.15003204345703, 41.2
2017-01-29 15:30:02, 31.837451934814453, 40.6
2017-01-29 15:45:03, 32.95905303955078, 45.5
2017-01-29 16:00:02, 33.86001205444336, 45.5
2017-01-29 16:15:03, 33.80485153198242, 46.5
2017-01-29 16:30:02, 33.9151725769043, 46.5
2017-01-29 16:45:02, 33.65775680541992, 45.5
2017-01-29 17:00:03, 33.87839889526367, 45.5
2017-01-29 17:15:03, 33.80485153198242, 46.0
2017-01-29 17:30:03, 33.84162521362305, 46.0
2017-01-29 17:45:02, 34.00710678100586, 45.5
2017-01-29 18:00:03, 34.08065414428711, 46.5
2017-01-29 18:15:03, 34.043880462646484, 46.0
2017-01-29 18:30:03, 34.13581466674805, 46.5
2017-01-29 18:45:02, 34.00710678100586, 46.0
2017-01-29 19:00:03, 34.00710678100586, 45.5
2017-01-29 19:15:02, 34.15420150756836, 46.5
2017-01-29 19:30:03, 34.13581466674805, 46.5
2017-01-29 19:45:02, 33.95194625854492, 46.5
2017-01-29 20:00:02, 34.30129623413086, 46.5
2017-01-29 20:15:03, 33.95194625854492, 45.5
2017-01-29 20:30:03, 34.117427825927734, 46.5
2017-01-29 20:45:03, 34.22774887084961, 46.5
2017-01-29 21:00:03, 34.09904098510742, 46.5
2017-01-29 21:15:02, 34.13581466674805, 46.0
2017-01-29 21:30:02, 33.71291732788086, 45.5
2017-01-29 21:45:03, 33.437110900878906, 46.0
2017-01-29 22:00:02, 33.63936996459961, 46.5
2017-01-29 22:15:03, 33.87839889526367, 46.5
2017-01-29 22:30:03, 34.15420150756836, 46.5
2017-01-29 22:45:02, 34.338069915771484, 44.4
2017-01-29 23:00:03, 33.95194625854492, 43.3
2017-01-29 23:15:03, 33.58420944213867, 43.3
2017-01-29 23:30:02, 33.54743576049805, 42.8
2017-01-29 23:45:02, 33.16130828857422, 42.8
2017-01-30 00:00:03, 32.922279357910156, 42.8
2017-01-30 00:15:03, 32.848731994628906, 42.8
2017-01-30 00:30:02, 32.73841094970703, 42.2
2017-01-30 00:45:02, 32.51776885986328, 42.2
2017-01-30 01:00:03, 32.536155700683594, 42.8
2017-01-30 01:15:02, 32.536155700683594, 42.2
2017-01-30 01:30:03, 32.389060974121094, 42.2
2017-01-30 01:45:02, 32.42583465576172, 42.2
2017-01-30 02:00:02, 32.35228729248047, 42.2
2017-01-30 02:15:02, 32.315513610839844, 42.2
2017-01-30 02:30:02, 32.35228729248047, 42.2
2017-01-30 02:45:02, 32.27873992919922, 42.2
2017-01-30 03:00:03, 32.389060974121094, 42.2
2017-01-30 03:15:02, 32.241966247558594, 42.2
2017-01-30 03:30:03, 32.22357940673828, 42.2
2017-01-30 03:45:03, 32.35228729248047, 42.2
2017-01-30 04:00:03, 32.13164520263672, 41.2
2017-01-30 04:15:02, 32.168418884277344, 42.2
2017-01-30 04:30:03, 32.07648468017578, 42.2
2017-01-30 04:45:02, 32.13164520263672, 42.8
2017-01-30 05:00:03, 32.039710998535156, 41.7
2017-01-30 05:15:03, 32.039710998535156, 41.7
2017-01-30 05:30:02, 32.021324157714844, 42.2
2017-01-30 05:45:02, 32.05809783935547, 42.2
2017-01-30 06:00:02, 31.966161727905273, 42.2
2017-01-30 06:15:02, 31.94777488708496, 41.7
2017-01-30 06:30:02, 31.92938804626465, 41.7
2017-01-30 06:45:02, 31.911001205444336, 42.2
2017-01-30 07:00:02, 31.782291412353516, 41.7
2017-01-30 07:15:03, 31.561649322509766, 40.1
2017-01-30 07:30:03, 31.45132827758789, 40.1
2017-01-30 07:45:02, 31.359394073486328, 40.1
2017-01-30 08:00:03, 31.359394073486328, 39.5
2017-01-30 08:15:03, 31.414554595947266, 40.1
2017-01-30 08:30:03, 31.396167755126953, 39.5
2017-01-30 08:45:03, 31.359394073486328, 40.1
2017-01-30 09:00:03, 31.469715118408203, 40.1
2017-01-30 09:15:03, 31.45132827758789, 40.1
2017-01-30 09:30:02, 31.52487564086914, 40.1
2017-01-30 09:45:02, 31.488101959228516, 40.1
2017-01-30 10:00:02, 31.488101959228516, 39.5
2017-01-30 10:15:03, 31.396167755126953, 40.1
2017-01-30 10:30:03, 31.635196685791016, 40.1
2017-01-30 10:45:02, 31.37778091430664, 40.1
2017-01-30 11:00:02, 31.45132827758789, 40.1
2017-01-30 11:15:03, 31.432941436767578, 40.1
2017-01-30 11:30:03, 31.322620391845703, 40.1
2017-01-30 11:45:02, 31.37778091430664, 40.1
2017-01-30 12:00:02, 31.59842300415039, 40.1
2017-01-30 12:15:03, 31.580036163330078, 40.1
2017-01-30 12:30:02, 31.506488800048828, 40.1
2017-01-30 12:45:02, 31.543262481689453, 39.5
2017-01-30 13:00:02, 31.52487564086914, 40.1
2017-01-30 13:15:03, 31.635196685791016, 40.1
2017-01-30 13:30:02, 31.580036163330078, 39.5
2017-01-30 13:45:02, 31.488101959228516, 40.1
2017-01-30 14:00:02, 31.59842300415039, 40.1
2017-01-30 14:15:02, 31.59842300415039, 40.1
2017-01-30 14:30:03, 31.59842300415039, 40.1
2017-01-30 14:45:02, 31.653583526611328, 39.5
2017-01-30 15:00:02, 31.616809844970703, 40.1
2017-01-30 15:15:02, 31.506488800048828, 40.1
2017-01-30 15:30:03, 31.653583526611328, 40.1
2017-01-30 15:45:02, 31.506488800048828, 40.1
2017-01-30 16:00:03, 31.653583526611328, 40.1
2017-01-30 16:15:02, 31.635196685791016, 40.1
2017-01-30 16:30:02, 31.653583526611328, 40.1
2017-01-30 16:45:03, 31.690357208251953, 40.1
2017-01-30 17:00:03, 31.67197036743164, 40.1
2017-01-30 17:15:02, 31.67197036743164, 40.1
2017-01-30 17:30:02, 31.616809844970703, 39.5
2017-01-30 17:45:02, 31.708744049072266, 40.1
2017-01-30 18:00:03, 31.506488800048828, 40.1
2017-01-30 18:15:02, 31.727130889892578, 40.1
2017-01-30 18:30:02, 31.635196685791016, 40.1
2017-01-30 18:45:03, 31.580036163330078, 40.1
2017-01-30 19:00:02, 31.52487564086914, 40.1
2017-01-30 19:15:02, 31.506488800048828, 40.1
2017-01-30 19:30:03, 31.690357208251953, 40.1
2017-01-30 19:45:03, 31.837451934814453, 40.1
2017-01-30 20:00:03, 31.966161727905273, 40.1
2017-01-30 20:15:03, 32.186805725097656, 43.3
2017-01-30 20:30:02, 32.51776885986328, 44.4
2017-01-30 20:45:03, 32.628089904785156, 43.9
2017-01-30 21:00:02, 32.903892517089844, 44.4
2017-01-30 21:15:02, 33.142921447753906, 44.4
2017-01-30 21:30:03, 33.10614776611328, 44.9
2017-01-30 21:45:03, 33.30840301513672, 41.2
2017-01-30 22:00:02, 32.95905303955078, 42.2
2017-01-30 22:15:03, 32.830345153808594, 41.2
2017-01-30 22:30:02, 32.37067413330078, 41.2
2017-01-30 22:45:03, 32.480995178222656, 41.2
2017-01-30 23:00:02, 32.333900451660156, 41.2
2017-01-30 23:15:02, 32.13164520263672, 40.6
2017-01-30 23:30:02, 32.094871520996094, 40.6
2017-01-30 23:45:03, 32.039710998535156, 40.6
2017-01-31 00:00:03, 31.911001205444336, 40.6
2017-01-31 00:15:02, 31.94777488708496, 40.1
2017-01-31 00:30:02, 31.87422752380371, 40.6
2017-01-31 00:45:03, 31.837451934814453, 40.1
2017-01-31 01:00:02, 31.87422752380371, 40.1
2017-01-31 01:15:03, 31.92938804626465, 40.1
2017-01-31 01:30:03, 31.81906509399414, 40.1
2017-01-31 01:45:03, 31.653583526611328, 40.1
2017-01-31 02:00:03, 31.690357208251953, 40.1
2017-01-31 02:15:03, 31.580036163330078, 40.1
2017-01-31 02:30:03, 31.690357208251953, 40.1
2017-01-31 02:45:03, 31.580036163330078, 40.6
2017-01-31 03:00:03, 31.616809844970703, 40.1
2017-01-31 03:15:03, 31.708744049072266, 40.6
2017-01-31 03:30:02, 31.690357208251953, 40.1
2017-01-31 03:45:02, 31.59842300415039, 40.1
2017-01-31 04:00:02, 31.708744049072266, 40.1
2017-01-31 04:15:03, 31.561649322509766, 40.1
2017-01-31 04:30:03, 31.37778091430664, 40.1
2017-01-31 04:45:02, 31.616809844970703, 40.1
2017-01-31 05:00:02, 31.506488800048828, 40.1
2017-01-31 05:15:03, 31.543262481689453, 40.1
2017-01-31 05:30:03, 31.616809844970703, 40.1
2017-01-31 05:45:03, 31.414554595947266, 40.1
2017-01-31 06:00:03, 31.561649322509766, 40.1
2017-01-31 06:15:02, 31.488101959228516, 40.1
2017-01-31 06:30:02, 31.52487564086914, 40.1
2017-01-31 06:45:02, 31.488101959228516, 40.1
2017-01-31 07:00:02, 31.469715118408203, 40.1
2017-01-31 07:15:03, 31.30423355102539, 40.1
2017-01-31 07:30:02, 31.396167755126953, 40.1
2017-01-31 07:45:02, 31.414554595947266, 39.5
2017-01-31 08:00:02, 31.322620391845703, 39.5
2017-01-31 08:15:02, 31.341007232666016, 39.0
2017-01-31 08:30:02, 31.359394073486328, 40.1
2017-01-31 08:45:03, 31.175525665283203, 40.1
2017-01-31 09:00:03, 31.432941436767578, 39.0
2017-01-31 09:15:03, 31.506488800048828, 39.5
2017-01-31 09:30:02, 31.120365142822266, 39.5
2017-01-31 09:45:02, 31.359394073486328, 39.5
2017-01-31 10:00:02, 31.396167755126953, 39.5
2017-01-31 10:15:02, 31.249073028564453, 39.5
2017-01-31 10:30:02, 31.414554595947266, 40.1
2017-01-31 10:45:02, 31.543262481689453, 40.1
2017-01-31 11:00:02, 31.469715118408203, 40.1
2017-01-31 11:15:03, 31.543262481689453, 40.1
2017-01-31 11:30:02, 31.580036163330078, 40.1
2017-01-31 11:45:02, 31.59842300415039, 40.1
2017-01-31 12:00:03, 31.74551773071289, 40.1
2017-01-31 12:15:03, 31.837451934814453, 40.1
2017-01-31 12:30:03, 31.87422752380371, 40.1
2017-01-31 12:45:02, 31.74551773071289, 40.6
2017-01-31 13:00:02, 31.911001205444336, 40.1
2017-01-31 13:15:03, 31.855838775634766, 40.6
2017-01-31 13:30:02, 31.855838775634766, 40.6
2017-01-31 13:45:02, 31.727130889892578, 40.1
2017-01-31 14:00:02, 31.763904571533203, 40.1
2017-01-31 14:15:02, 31.635196685791016, 40.1
2017-01-31 14:30:02, 31.74551773071289, 42.2
2017-01-31 14:45:02, 32.315513610839844, 42.8
2017-01-31 15:00:02, 32.333900451660156, 43.9
2017-01-31 15:15:02, 32.73841094970703, 43.3
2017-01-31 15:30:02, 32.95905303955078, 44.4
2017-01-31 15:45:03, 32.609703063964844, 40.6
2017-01-31 16:00:02, 32.168418884277344, 40.6
2017-01-31 16:15:02, 32.021324157714844, 43.3
2017-01-31 16:30:02, 32.59131622314453, 44.4
2017-01-31 16:45:03, 32.462608337402344, 41.2
2017-01-31 17:00:02, 32.480995178222656, 41.2
2017-01-31 17:15:02, 32.44422149658203, 41.2
2017-01-31 17:30:02, 32.35228729248047, 41.2
2017-01-31 17:45:03, 32.29712677001953, 40.6
2017-01-31 18:00:02, 32.49938201904297, 41.2
2017-01-31 18:15:03, 31.984548568725586, 40.1
2017-01-31 18:30:02, 32.59131622314453, 44.4
2017-01-31 18:45:03, 32.848731994628906, 44.9
2017-01-31 19:00:03, 32.94066619873047, 44.9
2017-01-31 19:15:03, 32.81195831298828, 42.2
2017-01-31 19:30:02, 32.64647674560547, 42.2
2017-01-31 19:45:02, 32.51776885986328, 42.2
2017-01-31 20:00:03, 32.333900451660156, 41.2
2017-01-31 20:15:02, 32.333900451660156, 41.2
2017-01-31 20:30:03, 32.241966247558594, 41.7
2017-01-31 20:45:03, 32.168418884277344, 41.2
2017-01-31 21:00:02, 32.07648468017578, 41.2
2017-01-31 21:15:03, 32.260353088378906, 41.2
2017-01-31 21:30:03, 32.186805725097656, 41.2
2017-01-31 21:45:03, 32.094871520996094, 41.2
2017-01-31 22:00:02, 32.15003204345703, 41.2
2017-01-31 22:15:02, 32.05809783935547, 41.2
2017-01-31 22:30:02, 32.05809783935547, 41.2
2017-01-31 22:45:02, 32.05809783935547, 41.2
2017-01-31 23:00:02, 31.87422752380371, 41.2
2017-01-31 23:15:03, 31.855838775634766, 41.2
2017-01-31 23:30:02, 31.837451934814453, 41.2
2017-01-31 23:45:02, 31.892614364624023, 41.7
2017-02-01 00:00:03, 31.87422752380371, 41.2
2017-02-01 00:15:02, 31.911001205444336, 41.2
2017-02-01 00:30:02, 31.837451934814453, 41.2
2017-02-01 00:45:02, 31.92938804626465, 41.2
2017-02-01 01:00:03, 31.727130889892578, 41.2
2017-02-01 01:15:02, 31.94777488708496, 41.2
2017-02-01 01:30:02, 31.892614364624023, 41.2
2017-02-01 01:45:02, 31.855838775634766, 41.2
2017-02-01 02:00:03, 31.74551773071289, 41.2
2017-02-01 02:15:03, 31.59842300415039, 41.2
2017-02-01 02:30:03, 33.290016174316406, 50.8
2017-02-01 02:45:03, 34.117427825927734, 52.5
2017-02-01 03:00:02, 34.50355529785156, 52.5
2017-02-01 03:15:02, 34.39323425292969, 53.0
2017-02-01 03:30:03, 34.57710266113281, 53.0
2017-02-01 03:45:02, 34.57710266113281, 52.5
2017-02-01 04:00:03, 34.57710266113281, 52.5
2017-02-01 04:15:03, 34.595489501953125, 51.9
2017-02-01 04:30:03, 34.595489501953125, 53.0
2017-02-01 04:45:03, 34.5587158203125, 52.5
2017-02-01 05:00:03, 34.57710266113281, 51.9
2017-02-01 05:15:02, 34.448394775390625, 51.9
2017-02-01 05:30:03, 34.43000793457031, 53.0
2017-02-01 05:45:03, 34.595489501953125, 53.0
2017-02-01 06:00:02, 34.65065002441406, 51.9
2017-02-01 06:15:02, 34.46678161621094, 51.9
2017-02-01 06:30:03, 34.521942138671875, 52.5
2017-02-01 06:45:03, 34.31968307495117, 51.4
2017-02-01 07:00:02, 34.521942138671875, 51.9
2017-02-01 07:15:03, 34.48516845703125, 51.9
2017-02-01 07:30:03, 34.28290939331055, 52.5
2017-02-01 07:45:02, 34.28290939331055, 51.9
2017-02-01 08:00:03, 34.30129623413086, 53.0
2017-02-01 08:15:02, 34.28290939331055, 53.0
2017-02-01 08:30:03, 34.48516845703125, 51.9
2017-02-01 08:45:03, 34.39323425292969, 52.5
2017-02-01 09:00:03, 34.39323425292969, 51.9
2017-02-01 09:15:03, 34.50355529785156, 53.0
2017-02-01 09:30:03, 34.68742370605469, 51.9
2017-02-01 09:45:03, 34.5587158203125, 52.5
2017-02-01 10:00:02, 34.595489501953125, 52.5
2017-02-01 10:15:03, 34.54032897949219, 53.0
2017-02-01 10:30:03, 34.705810546875, 52.5
2017-02-01 10:45:02, 34.50355529785156, 53.0
2017-02-01 11:00:02, 34.65065002441406, 51.9
2017-02-01 11:15:02, 34.742584228515625, 51.9
2017-02-01 11:30:03, 34.77935791015625, 52.5
2017-02-01 11:45:03, 34.72419738769531, 51.9
2017-02-01 12:00:03, 34.889678955078125, 52.5
2017-02-01 12:15:02, 34.72419738769531, 53.0
2017-02-01 12:30:03, 34.76097106933594, 51.9
2017-02-01 12:45:03, 34.79774475097656, 52.5
2017-02-01 13:00:03, 34.24613571166992, 51.9
2017-02-01 13:15:03, 33.84162521362305, 50.8
2017-02-01 13:30:03, 33.78646469116211, 51.4
2017-02-01 13:45:03, 33.896785736083984, 51.9
2017-02-01 14:00:03, 34.09904098510742, 51.4
2017-02-01 14:15:03, 34.338069915771484, 51.9
2017-02-01 14:30:03, 34.31968307495117, 52.5
2017-02-01 14:45:03, 34.54032897949219, 51.4
2017-02-01 15:00:03, 34.43000793457031, 51.9
2017-02-01 15:15:02, 34.669036865234375, 54.1
2017-02-01 15:30:03, 34.705810546875, 55.1
2017-02-01 15:45:02, 34.669036865234375, 55.1
2017-02-01 16:00:03, 35.34934997558594, 53.0
2017-02-01 16:15:03, 35.27580261230469, 53.0
2017-02-01 16:30:03, 35.38612365722656, 53.5
2017-02-01 16:45:02, 35.20225524902344, 52.5
2017-02-01 17:00:02, 35.05516052246094, 53.0
2017-02-01 17:15:03, 34.98161315917969, 53.5
2017-02-01 17:30:03, 34.889678955078125, 53.0
2017-02-01 17:45:03, 35.01838684082031, 53.0
2017-02-01 18:00:03, 34.87129211425781, 51.9
2017-02-01 18:15:03, 34.90806579589844, 53.0
2017-02-01 18:30:02, 34.816131591796875, 53.0
2017-02-01 18:45:02, 34.90806579589844, 51.9
2017-02-01 19:00:02, 34.963226318359375, 52.5
2017-02-01 19:15:03, 34.98161315917969, 53.0
2017-02-01 19:30:02, 35.036773681640625, 53.0
2017-02-01 19:45:03, 34.8529052734375, 53.0
2017-02-01 20:00:02, 35.1470947265625, 51.9
2017-02-01 20:15:02, 32.72002410888672, 41.2
2017-02-01 20:30:02, 32.07648468017578, 40.1
2017-02-01 20:45:03, 31.837451934814453, 40.1
2017-02-01 21:00:03, 31.892614364624023, 40.1
2017-02-01 21:15:03, 31.892614364624023, 40.6
2017-02-01 21:30:02, 31.92938804626465, 39.0
2017-02-01 21:45:03, 31.911001205444336, 39.0
2017-02-01 22:00:02, 31.653583526611328, 40.1
2017-02-01 22:15:02, 31.782291412353516, 40.1
2017-02-01 22:30:02, 31.837451934814453, 40.1
2017-02-01 22:45:03, 32.260353088378906, 43.3
2017-02-01 23:00:02, 32.20519256591797, 43.9
2017-02-01 23:15:03, 32.13164520263672, 42.8
2017-02-01 23:30:02, 32.13164520263672, 43.3
2017-02-01 23:45:03, 32.00293731689453, 43.3
2017-02-02 00:00:02, 32.81195831298828, 41.2
2017-02-02 00:15:03, 32.73841094970703, 41.2
2017-02-02 00:30:02, 32.51776885986328, 41.2
2017-02-02 00:45:02, 32.462608337402344, 41.2
2017-02-02 01:00:03, 32.113258361816406, 41.2
2017-02-02 01:15:02, 32.094871520996094, 41.2
2017-02-02 01:30:03, 32.00293731689453, 40.1
2017-02-02 01:45:02, 31.892614364624023, 41.2
2017-02-02 02:00:02, 31.616809844970703, 40.1
2017-02-02 02:15:02, 31.708744049072266, 40.1
2017-02-02 02:30:03, 31.67197036743164, 40.1
2017-02-02 02:45:03, 31.653583526611328, 40.1
2017-02-02 03:00:03, 31.52487564086914, 40.1
2017-02-02 03:15:02, 31.469715118408203, 40.1
2017-02-02 03:30:03, 31.488101959228516, 40.1
2017-02-02 03:45:02, 31.414554595947266, 40.1
2017-02-02 04:00:02, 31.432941436767578, 40.1
2017-02-02 04:15:02, 31.37778091430664, 40.1
2017-02-02 04:30:03, 31.414554595947266, 39.5
2017-02-02 04:45:03, 31.432941436767578, 40.1
2017-02-02 05:00:02, 31.30423355102539, 39.5
2017-02-02 05:15:02, 31.322620391845703, 39.5
2017-02-02 05:30:02, 31.359394073486328, 40.1
2017-02-02 05:45:03, 31.359394073486328, 40.1
2017-02-02 06:00:02, 31.37778091430664, 40.1
2017-02-02 06:15:02, 31.30423355102539, 40.1
2017-02-02 06:30:02, 31.45132827758789, 39.5
2017-02-02 06:45:03, 31.506488800048828, 39.5
2017-02-02 07:00:03, 31.359394073486328, 40.1
2017-02-02 07:15:02, 31.23068618774414, 40.1
2017-02-02 07:30:02, 31.30423355102539, 39.5
2017-02-02 07:45:03, 31.138751983642578, 40.1
2017-02-02 08:00:03, 31.341007232666016, 40.1
2017-02-02 08:15:03, 31.267459869384766, 39.5
2017-02-02 08:30:02, 31.249073028564453, 39.0
2017-02-02 08:45:02, 31.138751983642578, 39.5
2017-02-02 09:00:02, 31.45132827758789, 39.5
2017-02-02 09:15:02, 31.285846710205078, 39.5
2017-02-02 09:30:03, 31.359394073486328, 40.1
2017-02-02 09:45:03, 31.30423355102539, 39.5
2017-02-02 10:00:02, 31.30423355102539, 39.0
2017-02-02 10:15:03, 31.359394073486328, 39.0
2017-02-02 10:30:02, 31.37778091430664, 40.1
2017-02-02 10:45:03, 31.488101959228516, 39.5
2017-02-02 11:00:02, 31.469715118408203, 40.1
2017-02-02 11:15:03, 31.561649322509766, 40.1
2017-02-02 11:30:03, 31.59842300415039, 40.1
2017-02-02 11:45:02, 31.59842300415039, 40.1
2017-02-02 12:00:03, 31.635196685791016, 40.1
2017-02-02 12:15:02, 31.396167755126953, 40.1
2017-02-02 12:30:02, 31.543262481689453, 40.1
2017-02-02 12:45:02, 31.690357208251953, 40.1
2017-02-02 13:00:02, 31.727130889892578, 40.1
2017-02-02 13:15:02, 31.580036163330078, 40.1
2017-02-02 13:30:02, 31.635196685791016, 40.1
2017-02-02 13:45:03, 31.635196685791016, 40.1
2017-02-02 14:00:02, 31.653583526611328, 40.1
2017-02-02 14:15:02, 31.708744049072266, 40.1
2017-02-02 14:30:03, 31.59842300415039, 40.1
2017-02-02 14:45:02, 31.690357208251953, 40.1
2017-02-02 15:00:02, 31.763904571533203, 40.1
2017-02-02 15:15:02, 30.954883575439453, 39.5
2017-02-02 15:30:03, 31.08359146118164, 39.5
2017-02-02 15:45:03, 30.88133430480957, 39.0
2017-02-02 16:00:02, 30.642305374145508, 39.0
2017-02-02 16:15:02, 30.73423957824707, 41.7
2017-02-02 16:30:02, 30.329727172851562, 41.7
2017-02-02 16:45:02, 30.053924560546875, 40.6
2017-02-02 17:00:03, 31.561649322509766, 40.1
2017-02-02 17:15:03, 31.727130889892578, 40.1
2017-02-02 17:30:02, 31.855838775634766, 40.1
2017-02-02 17:45:02, 31.800678253173828, 40.1
2017-02-02 18:00:02, 31.708744049072266, 40.1
2017-02-02 18:15:03, 31.763904571533203, 40.1
2017-02-02 18:30:03, 31.635196685791016, 40.1
2017-02-02 18:45:03, 31.690357208251953, 40.1
2017-02-02 19:00:03, 31.59842300415039, 39.0
2017-02-02 19:15:02, 31.911001205444336, 40.1
2017-02-02 19:30:03, 31.94777488708496, 40.1
2017-02-02 19:45:02, 31.800678253173828, 40.1
2017-02-02 20:00:02, 31.727130889892578, 39.5
2017-02-02 20:15:02, 31.800678253173828, 40.1
2017-02-02 20:30:03, 31.984548568725586, 40.1
2017-02-02 20:45:03, 32.168418884277344, 40.1
2017-02-02 21:00:02, 32.113258361816406, 40.1
2017-02-02 21:15:03, 32.113258361816406, 40.1
2017-02-02 21:30:02, 32.021324157714844, 40.1
2017-02-02 21:45:02, 32.168418884277344, 40.1
2017-02-02 22:00:02, 32.27873992919922, 40.1
2017-02-02 22:15:03, 32.039710998535156, 40.1
2017-02-02 22:30:02, 32.039710998535156, 40.1
2017-02-02 22:45:02, 31.911001205444336, 40.1
2017-02-02 23:00:03, 31.92938804626465, 40.1
2017-02-02 23:15:02, 31.87422752380371, 40.1
2017-02-02 23:30:03, 31.892614364624023, 40.1
2017-02-02 23:45:02, 31.74551773071289, 40.1
2017-02-03 00:00:02, 31.580036163330078, 40.1
2017-02-03 00:15:02, 31.561649322509766, 40.1
2017-02-03 00:30:03, 31.543262481689453, 40.1
2017-02-03 00:45:03, 31.616809844970703, 40.1
2017-02-03 01:00:03, 31.469715118408203, 39.5
2017-02-03 01:15:02, 31.469715118408203, 39.0
2017-02-03 01:30:03, 31.469715118408203, 39.0
2017-02-03 01:45:02, 31.341007232666016, 39.5
2017-02-03 02:00:02, 31.193912506103516, 40.1
2017-02-03 02:15:03, 31.341007232666016, 39.5
2017-02-03 02:30:03, 31.285846710205078, 40.1
2017-02-03 02:45:03, 31.120365142822266, 39.5
2017-02-03 03:00:03, 31.175525665283203, 39.5
2017-02-03 03:15:03, 31.193912506103516, 39.5
2017-02-03 03:30:02, 31.046817779541016, 39.5
2017-02-03 03:45:03, 31.065204620361328, 39.5
2017-02-03 04:00:03, 31.046817779541016, 39.5
2017-02-03 04:15:02, 31.01004409790039, 40.1
2017-02-03 04:30:03, 31.046817779541016, 39.5
2017-02-03 04:45:02, 30.973270416259766, 39.5
2017-02-03 05:00:03, 31.120365142822266, 39.5
2017-02-03 05:15:02, 31.01004409790039, 39.5
2017-02-03 05:30:02, 30.991657257080078, 39.0
2017-02-03 05:45:02, 30.954883575439453, 39.0
2017-02-03 06:00:03, 30.80778694152832, 39.5
2017-02-03 06:15:02, 30.826173782348633, 39.5
2017-02-03 06:30:02, 30.899721145629883, 39.0
2017-02-03 06:45:02, 31.01004409790039, 39.0
2017-02-03 07:00:03, 30.991657257080078, 39.0
2017-02-03 07:15:03, 31.101978302001953, 39.0
2017-02-03 07:30:03, 30.918107986450195, 38.5
2017-02-03 07:45:02, 30.93649673461914, 39.0
2017-02-03 08:00:03, 30.88133430480957, 39.0
2017-02-03 08:15:03, 30.88133430480957, 39.5
2017-02-03 08:30:02, 30.862947463989258, 39.0
2017-02-03 08:45:03, 30.80778694152832, 39.0
2017-02-03 09:00:02, 30.66069221496582, 39.0
2017-02-03 09:15:03, 30.844560623168945, 39.0
2017-02-03 09:30:02, 30.844560623168945, 39.0
2017-02-03 09:45:03, 30.862947463989258, 38.5
2017-02-03 10:00:02, 30.862947463989258, 39.0
2017-02-03 10:15:03, 31.028430938720703, 42.2
2017-02-03 10:30:02, 31.285846710205078, 42.2
2017-02-03 10:45:02, 31.690357208251953, 42.8
2017-02-03 11:00:02, 31.782291412353516, 42.8
2017-02-03 11:15:03, 32.15003204345703, 42.8
2017-02-03 11:30:02, 32.22357940673828, 43.3
2017-02-03 11:45:02, 32.29712677001953, 42.8
2017-02-03 12:00:03, 32.315513610839844, 43.3
2017-02-03 12:15:02, 32.37067413330078, 43.3
2017-02-03 12:30:02, 32.168418884277344, 43.3
2017-02-03 12:45:02, 32.554542541503906, 43.9
2017-02-03 13:00:02, 32.628089904785156, 43.3
2017-02-03 13:15:02, 32.628089904785156, 44.4
2017-02-03 13:30:03, 32.609703063964844, 43.9
2017-02-03 13:45:02, 32.64647674560547, 43.3
2017-02-03 14:00:02, 32.49938201904297, 43.3
2017-02-03 14:15:03, 32.683250427246094, 43.3
2017-02-03 14:30:02, 32.609703063964844, 43.9
2017-02-03 14:45:02, 32.628089904785156, 43.9
2017-02-03 15:00:02, 32.95905303955078, 41.7
2017-02-03 15:15:03, 32.88550567626953, 41.2
2017-02-03 15:30:03, 32.628089904785156, 40.6
2017-02-03 15:45:02, 32.628089904785156, 40.1
2017-02-03 16:00:02, 32.462608337402344, 41.2
2017-02-03 16:15:03, 32.29712677001953, 40.6
2017-02-03 16:30:03, 32.15003204345703, 40.6
2017-02-03 16:45:02, 32.021324157714844, 40.1
2017-02-03 17:00:02, 32.021324157714844, 41.2
2017-02-03 17:15:02, 32.094871520996094, 40.1
2017-02-03 17:30:02, 31.94777488708496, 40.1
2017-02-03 17:45:03, 32.00293731689453, 40.1
2017-02-03 18:00:02, 32.81195831298828, 44.9
2017-02-03 18:15:03, 33.30840301513672, 45.5
2017-02-03 18:30:03, 33.345176696777344, 44.9
2017-02-03 18:45:03, 33.216468811035156, 44.9
2017-02-03 19:00:03, 32.42583465576172, 44.4
2017-02-03 19:15:03, 32.039710998535156, 43.9
2017-02-03 19:30:03, 32.05809783935547, 44.4
2017-02-03 19:45:03, 31.580036163330078, 43.3
2017-02-03 20:00:02, 32.59131622314453, 44.9
2017-02-03 20:15:02, 33.142921447753906, 44.4
2017-02-03 20:30:03, 33.16130828857422, 44.4
2017-02-03 20:45:02, 33.271629333496094, 44.9
2017-02-03 21:00:02, 33.38195037841797, 44.4
2017-02-03 21:15:02, 33.40033721923828, 45.5
2017-02-03 21:30:03, 33.32678985595703, 45.5
2017-02-03 21:45:03, 33.418724060058594, 45.5
2017-02-03 22:00:02, 33.49227523803711, 45.5
2017-02-03 22:15:03, 33.216468811035156, 47.6
2017-02-03 22:30:03, 33.124534606933594, 47.6
2017-02-03 22:45:02, 33.216468811035156, 47.6
2017-02-03 23:00:02, 32.977439880371094, 47.1
2017-02-03 23:15:03, 33.84162521362305, 48.7
2017-02-03 23:30:02, 33.78646469116211, 46.5
2017-02-03 23:45:03, 32.44422149658203, 42.2
2017-02-04 00:00:02, 31.08359146118164, 41.2
2017-02-04 00:15:02, 30.66069221496582, 40.1
2017-02-04 00:30:02, 31.727130889892578, 41.2
2017-02-04 00:45:02, 31.966161727905273, 42.2
2017-02-04 01:00:02, 31.837451934814453, 41.2
2017-02-04 01:15:02, 31.87422752380371, 41.2
2017-02-04 01:30:03, 31.727130889892578, 41.2
2017-02-04 01:45:02, 31.727130889892578, 41.2
2017-02-04 02:00:02, 31.635196685791016, 41.2
2017-02-04 02:15:02, 31.59842300415039, 41.2
2017-02-04 02:30:03, 31.396167755126953, 41.2
2017-02-04 02:45:03, 31.506488800048828, 41.2
2017-02-04 03:00:02, 31.543262481689453, 41.2
2017-02-04 03:15:02, 31.396167755126953, 41.2
2017-02-04 03:30:03, 31.285846710205078, 41.2
2017-02-04 03:45:03, 31.138751983642578, 40.6
2017-02-04 04:00:03, 31.120365142822266, 41.2
2017-02-04 04:15:03, 30.973270416259766, 41.2
2017-02-04 04:30:02, 30.954883575439453, 40.6
2017-02-04 04:45:02, 31.046817779541016, 40.1
2017-02-04 05:00:03, 30.899721145629883, 40.6
2017-02-04 05:15:02, 31.01004409790039, 41.2
2017-02-04 05:30:03, 31.101978302001953, 41.2
2017-02-04 05:45:03, 31.101978302001953, 40.1
2017-02-04 06:00:02, 30.918107986450195, 40.1
2017-02-04 06:15:02, 30.862947463989258, 40.1
2017-02-04 06:30:03, 30.826173782348633, 40.6
2017-02-04 06:45:02, 30.697465896606445, 40.6
2017-02-04 07:00:03, 30.73423957824707, 40.1
2017-02-04 07:15:03, 30.80778694152832, 40.6
2017-02-04 07:30:03, 30.80778694152832, 40.1
2017-02-04 07:45:03, 30.715852737426758, 40.6
2017-02-04 08:00:02, 30.642305374145508, 39.0
2017-02-04 08:15:02, 30.403274536132812, 38.5
2017-02-04 08:30:03, 30.31134033203125, 39.0
2017-02-04 08:45:03, 30.348114013671875, 39.0
2017-02-04 09:00:02, 30.31134033203125, 39.0
2017-02-04 09:15:03, 30.366500854492188, 38.5
2017-02-04 09:30:03, 30.421661376953125, 39.0
2017-02-04 09:45:03, 30.366500854492188, 39.0
2017-02-04 10:00:03, 30.440048217773438, 38.5
2017-02-04 10:15:02, 30.274566650390625, 39.0
2017-02-04 10:30:03, 30.329727172851562, 39.0
2017-02-04 10:45:03, 30.60552978515625, 39.0
2017-02-04 11:00:02, 30.587142944335938, 39.0
2017-02-04 11:15:03, 30.697465896606445, 38.5
2017-02-04 11:30:02, 30.66069221496582, 39.0
2017-02-04 11:45:03, 30.771013259887695, 39.5
2017-02-04 12:00:03, 30.899721145629883, 39.0
2017-02-04 12:15:03, 31.08359146118164, 39.5
2017-02-04 12:30:03, 30.93649673461914, 39.0
2017-02-04 12:45:02, 27.66362762451172, 35.8
2017-02-04 13:00:03, 27.16718101501465, 34.7
2017-02-04 13:15:02, 27.53491973876953, 34.7
2017-02-04 13:30:02, 28.16007423400879, 35.8
2017-02-04 13:45:03, 29.061031341552734, 37.9
2017-02-04 14:00:03, 29.208126068115234, 37.9
2017-02-04 14:15:03, 29.44715690612793, 37.4
2017-02-04 14:30:02, 29.557477951049805, 37.9
2017-02-04 14:45:02, 29.7965087890625, 40.6
2017-02-04 15:00:02, 29.980377197265625, 41.2
2017-02-04 15:15:03, 29.961990356445312, 41.2
2017-02-04 15:30:03, 29.925216674804688, 41.2
2017-02-04 15:45:02, 30.80778694152832, 41.7
2017-02-04 16:00:03, 30.789400100708008, 42.2
2017-02-04 16:15:02, 31.046817779541016, 42.2
2017-02-04 16:30:03, 31.15713882446289, 41.7
2017-02-04 16:45:03, 31.580036163330078, 42.8
2017-02-04 17:00:03, 31.616809844970703, 42.2
2017-02-04 17:15:02, 31.341007232666016, 42.2
2017-02-04 17:30:02, 31.800678253173828, 43.3
2017-02-04 17:45:03, 31.341007232666016, 42.2
2017-02-04 18:00:03, 31.87422752380371, 43.9
2017-02-04 18:15:02, 31.984548568725586, 40.1
2017-02-04 18:30:03, 30.73423957824707, 39.0
2017-02-04 18:45:03, 31.175525665283203, 40.1
2017-02-04 19:00:03, 30.789400100708008, 39.5
2017-02-04 19:15:03, 30.45843505859375, 39.0
2017-02-04 19:30:03, 30.513595581054688, 39.0
2017-02-04 19:45:03, 29.87005615234375, 39.0
2017-02-04 20:00:02, 29.925216674804688, 38.5
2017-02-04 20:15:03, 31.52487564086914, 42.8
2017-02-04 20:30:02, 31.782291412353516, 43.3
2017-02-04 20:45:03, 30.623918533325195, 43.3
2017-02-04 21:00:03, 31.046817779541016, 43.3
2017-02-04 21:15:02, 30.587142944335938, 42.8
2017-02-04 21:30:03, 30.826173782348633, 42.8
2017-02-04 21:45:02, 30.715852737426758, 42.8
2017-02-04 22:00:02, 30.93649673461914, 42.8
2017-02-04 22:15:03, 31.212299346923828, 43.3
2017-02-04 22:30:03, 30.826173782348633, 43.3
2017-02-04 22:45:02, 30.31134033203125, 42.8
2017-02-04 23:00:02, 30.219406127929688, 42.8
2017-02-04 23:15:02, 30.623918533325195, 42.8
2017-02-04 23:30:02, 30.403274536132812, 43.3
2017-02-04 23:45:02, 30.642305374145508, 43.3
2017-02-05 00:00:03, 30.587142944335938, 43.3
2017-02-05 00:15:03, 30.80778694152832, 42.8
2017-02-05 00:30:03, 30.697465896606445, 42.2
2017-02-05 00:45:02, 30.844560623168945, 39.0
2017-02-05 01:00:02, 29.87005615234375, 38.5
2017-02-05 01:15:03, 31.359394073486328, 39.5
2017-02-05 01:30:02, 31.94777488708496, 40.1
2017-02-05 01:45:03, 32.00293731689453, 40.1
2017-02-05 02:00:02, 31.74551773071289, 40.1
2017-02-05 02:15:03, 31.635196685791016, 40.1
2017-02-05 02:30:02, 31.690357208251953, 40.1
2017-02-05 02:45:03, 31.616809844970703, 40.1
2017-02-05 03:00:03, 31.543262481689453, 40.1
2017-02-05 03:15:03, 31.469715118408203, 40.1
2017-02-05 03:30:02, 31.414554595947266, 39.5
2017-02-05 03:45:02, 31.37778091430664, 39.5
2017-02-05 04:00:03, 31.322620391845703, 39.5
2017-02-05 04:15:03, 31.23068618774414, 40.1
2017-02-05 04:30:02, 31.249073028564453, 40.1
2017-02-05 04:45:02, 31.212299346923828, 40.1
2017-02-05 05:00:02, 31.138751983642578, 40.1
2017-02-05 05:15:02, 31.120365142822266, 39.5
2017-02-05 05:30:02, 31.08359146118164, 40.1
2017-02-05 05:45:02, 31.08359146118164, 39.5
2017-02-05 06:00:03, 31.120365142822266, 39.5
2017-02-05 06:15:03, 31.028430938720703, 39.0
2017-02-05 06:30:02, 31.08359146118164, 39.0
2017-02-05 06:45:02, 31.01004409790039, 40.1
2017-02-05 07:00:02, 31.065204620361328, 40.1
2017-02-05 07:15:02, 30.991657257080078, 40.1
2017-02-05 07:30:03, 31.01004409790039, 39.5
2017-02-05 07:45:02, 31.01004409790039, 39.0
2017-02-05 08:00:02, 31.028430938720703, 39.0
2017-02-05 08:15:03, 30.93649673461914, 39.5
2017-02-05 08:30:02, 30.80778694152832, 40.1
2017-02-05 08:45:02, 31.028430938720703, 39.5
2017-02-05 09:00:02, 30.88133430480957, 39.0
2017-02-05 09:15:03, 31.028430938720703, 39.5
2017-02-05 09:30:02, 30.88133430480957, 39.0
2017-02-05 09:45:03, 30.954883575439453, 39.5
2017-02-05 10:00:02, 31.138751983642578, 39.5
2017-02-05 10:15:02, 31.065204620361328, 39.5
2017-02-05 10:30:02, 31.175525665283203, 39.5
2017-02-05 10:45:02, 31.23068618774414, 39.5
2017-02-05 11:00:03, 31.028430938720703, 40.1
2017-02-05 11:15:03, 31.249073028564453, 39.5
2017-02-05 11:30:02, 31.193912506103516, 39.0
2017-02-05 11:45:03, 31.285846710205078, 42.8
2017-02-05 12:00:03, 30.899721145629883, 42.8
2017-02-05 12:15:03, 30.587142944335938, 42.8
2017-02-05 12:30:02, 30.715852737426758, 42.8
2017-02-05 12:45:02, 30.366500854492188, 43.9
2017-02-05 13:00:03, 30.899721145629883, 43.3
2017-02-05 13:15:03, 32.554542541503906, 43.3
2017-02-05 13:30:02, 33.437110900878906, 45.5
2017-02-05 13:45:02, 33.98871994018555, 45.5
2017-02-05 14:00:02, 34.669036865234375, 46.5
